" ";﻿j1,j2,j3,j4,j5,j6,j7,j8,j9,j10,j11,j12,g1,g2,g3,g4,g5,g6,g7,g8,g9,g10,g11,g12,a1,a2,a3,a4,a5,a6,a7,a8,a9,a10,a11,a12,f1,f2,f3,f4,f5,f6,f7,f8,f9,f10,f11,f12,n1,n2,n3,n4,n5,n6,n7,n8,n9,n10,n11,n12
﻿j1;=SQRT((B83-B83)^2+(B84-B84)^2);=SQRT((C83-B83)^2+(C84-B84)^2);=SQRT((D83-B83)^2+(D84-B84)^2);=SQRT((E83-B83)^2+(E84-B84)^2);=SQRT((F83-B83)^2+(F84-B84)^2);=SQRT((G83-B83)^2+(G84-B84)^2);=SQRT((H83-B83)^2+(H84-B84)^2);=SQRT((I83-B83)^2+(I84-B84)^2);=SQRT((J83-B83)^2+(J84-B84)^2);=SQRT((K83-B83)^2+(K84-B84)^2);=SQRT((L83-B83)^2+(L84-B84)^2);=SQRT((M83-B83)^2+(M84-B84)^2);=SQRT((N83-B83)^2+(N84-B84)^2);=SQRT((O83-B83)^2+(O84-B84)^2);=SQRT((P83-B83)^2+(P84-B84)^2);=SQRT((Q83-B83)^2+(Q84-B84)^2);=SQRT((R83-B83)^2+(R84-B84)^2);=SQRT((S83-B83)^2+(S84-B84)^2);=SQRT((T83-B83)^2+(T84-B84)^2);=SQRT((U83-B83)^2+(U84-B84)^2);=SQRT((V83-B83)^2+(V84-B84)^2);=SQRT((W83-B83)^2+(W84-B84)^2);=SQRT((X83-B83)^2+(X84-B84)^2);=SQRT((Y83-B83)^2+(Y84-B84)^2);=SQRT((Z83-B83)^2+(Z84-B84)^2);=SQRT((AA83-B83)^2+(AA84-B84)^2);=SQRT((AB83-B83)^2+(AB84-B84)^2);=SQRT((AC83-B83)^2+(AC84-B84)^2);=SQRT((AD83-B83)^2+(AD84-B84)^2);=SQRT((AE83-B83)^2+(AE84-B84)^2);=SQRT((AF83-B83)^2+(AF84-B84)^2);=SQRT((AG83-B83)^2+(AG84-B84)^2);=SQRT((AH83-B83)^2+(AH84-B84)^2);=SQRT((AI83-B83)^2+(AI84-B84)^2);=SQRT((AJ83-B83)^2+(AJ84-B84)^2);=SQRT((AK83-B83)^2+(AK84-B84)^2);=SQRT((AL83-B83)^2+(AL84-B84)^2);=SQRT((AM83-B83)^2+(AM84-B84)^2);=SQRT((AN83-B83)^2+(AN84-B84)^2);=SQRT((AO83-B83)^2+(AO84-B84)^2);=SQRT((AP83-B83)^2+(AP84-B84)^2);=SQRT((AQ83-B83)^2+(AQ84-B84)^2);=SQRT((AR83-B83)^2+(AR84-B84)^2);=SQRT((AS83-B83)^2+(AS84-B84)^2);=SQRT((AT83-B83)^2+(AT84-B84)^2);=SQRT((AU83-B83)^2+(AU84-B84)^2);=SQRT((AV83-B83)^2+(AV84-B84)^2);=SQRT((AW83-B83)^2+(AW84-B84)^2);=SQRT((AX83-B83)^2+(AX84-B84)^2);=SQRT((AY83-B83)^2+(AY84-B84)^2);=SQRT((AZ83-B83)^2+(AZ84-B84)^2);=SQRT((BA83-B83)^2+(BA84-B84)^2);=SQRT((BB83-B83)^2+(BB84-B84)^2);=SQRT((BC83-B83)^2+(BC84-B84)^2);=SQRT((BD83-B83)^2+(BD84-B84)^2);=SQRT((BE83-B83)^2+(BE84-B84)^2);=SQRT((BF83-B83)^2+(BF84-B84)^2);=SQRT((BG83-B83)^2+(BG84-B84)^2);=SQRT((BH83-B83)^2+(BH84-B84)^2);=SQRT((BI83-B83)^2+(BI84-B84)^2)
j2;0;=SQRT((C83-C83)^2+(C84-C84)^2);=SQRT((D83-C83)^2+(D84-C84)^2);=SQRT((E83-C83)^2+(E84-C84)^2);=SQRT((F83-C83)^2+(F84-C84)^2);=SQRT((G83-C83)^2+(G84-C84)^2);=SQRT((H83-C83)^2+(H84-C84)^2);=SQRT((I83-C83)^2+(I84-C84)^2);=SQRT((J83-C83)^2+(J84-C84)^2);=SQRT((K83-C83)^2+(K84-C84)^2);=SQRT((L83-C83)^2+(L84-C84)^2);=SQRT((M83-C83)^2+(M84-C84)^2);=SQRT((N83-C83)^2+(N84-C84)^2);=SQRT((O83-C83)^2+(O84-C84)^2);=SQRT((P83-C83)^2+(P84-C84)^2);=SQRT((Q83-C83)^2+(Q84-C84)^2);=SQRT((R83-C83)^2+(R84-C84)^2);=SQRT((S83-C83)^2+(S84-C84)^2);=SQRT((T83-C83)^2+(T84-C84)^2);=SQRT((U83-C83)^2+(U84-C84)^2);=SQRT((V83-C83)^2+(V84-C84)^2);=SQRT((W83-C83)^2+(W84-C84)^2);=SQRT((X83-C83)^2+(X84-C84)^2);=SQRT((Y83-C83)^2+(Y84-C84)^2);=SQRT((Z83-C83)^2+(Z84-C84)^2);=SQRT((AA83-C83)^2+(AA84-C84)^2);=SQRT((AB83-C83)^2+(AB84-C84)^2);=SQRT((AC83-C83)^2+(AC84-C84)^2);=SQRT((AD83-C83)^2+(AD84-C84)^2);=SQRT((AE83-C83)^2+(AE84-C84)^2);=SQRT((AF83-C83)^2+(AF84-C84)^2);=SQRT((AG83-C83)^2+(AG84-C84)^2);=SQRT((AH83-C83)^2+(AH84-C84)^2);=SQRT((AI83-C83)^2+(AI84-C84)^2);=SQRT((AJ83-C83)^2+(AJ84-C84)^2);=SQRT((AK83-C83)^2+(AK84-C84)^2);=SQRT((AL83-C83)^2+(AL84-C84)^2);=SQRT((AM83-C83)^2+(AM84-C84)^2);=SQRT((AN83-C83)^2+(AN84-C84)^2);=SQRT((AO83-C83)^2+(AO84-C84)^2);=SQRT((AP83-C83)^2+(AP84-C84)^2);=SQRT((AQ83-C83)^2+(AQ84-C84)^2);=SQRT((AR83-C83)^2+(AR84-C84)^2);=SQRT((AS83-C83)^2+(AS84-C84)^2);=SQRT((AT83-C83)^2+(AT84-C84)^2);=SQRT((AU83-C83)^2+(AU84-C84)^2);=SQRT((AV83-C83)^2+(AV84-C84)^2);=SQRT((AW83-C83)^2+(AW84-C84)^2);=SQRT((AX83-C83)^2+(AX84-C84)^2);=SQRT((AY83-C83)^2+(AY84-C84)^2);=SQRT((AZ83-C83)^2+(AZ84-C84)^2);=SQRT((BA83-C83)^2+(BA84-C84)^2);=SQRT((BB83-C83)^2+(BB84-C84)^2);=SQRT((BC83-C83)^2+(BC84-C84)^2);=SQRT((BD83-C83)^2+(BD84-C84)^2);=SQRT((BE83-C83)^2+(BE84-C84)^2);=SQRT((BF83-C83)^2+(BF84-C84)^2);=SQRT((BG83-C83)^2+(BG84-C84)^2);=SQRT((BH83-C83)^2+(BH84-C84)^2);=SQRT((BI83-C83)^2+(BI84-C84)^2)
j3;0;0;=SQRT((D83-D83)^2+(D84-D84)^2);=SQRT((E83-D83)^2+(E84-D84)^2);=SQRT((F83-D83)^2+(F84-D84)^2);=SQRT((G83-D83)^2+(G84-D84)^2);=SQRT((H83-D83)^2+(H84-D84)^2);=SQRT((I83-D83)^2+(I84-D84)^2);=SQRT((J83-D83)^2+(J84-D84)^2);=SQRT((K83-D83)^2+(K84-D84)^2);=SQRT((L83-D83)^2+(L84-D84)^2);=SQRT((M83-D83)^2+(M84-D84)^2);=SQRT((N83-D83)^2+(N84-D84)^2);=SQRT((O83-D83)^2+(O84-D84)^2);=SQRT((P83-D83)^2+(P84-D84)^2);=SQRT((Q83-D83)^2+(Q84-D84)^2);=SQRT((R83-D83)^2+(R84-D84)^2);=SQRT((S83-D83)^2+(S84-D84)^2);=SQRT((T83-D83)^2+(T84-D84)^2);=SQRT((U83-D83)^2+(U84-D84)^2);=SQRT((V83-D83)^2+(V84-D84)^2);=SQRT((W83-D83)^2+(W84-D84)^2);=SQRT((X83-D83)^2+(X84-D84)^2);=SQRT((Y83-D83)^2+(Y84-D84)^2);=SQRT((Z83-D83)^2+(Z84-D84)^2);=SQRT((AA83-D83)^2+(AA84-D84)^2);=SQRT((AB83-D83)^2+(AB84-D84)^2);=SQRT((AC83-D83)^2+(AC84-D84)^2);=SQRT((AD83-D83)^2+(AD84-D84)^2);=SQRT((AE83-D83)^2+(AE84-D84)^2);=SQRT((AF83-D83)^2+(AF84-D84)^2);=SQRT((AG83-D83)^2+(AG84-D84)^2);=SQRT((AH83-D83)^2+(AH84-D84)^2);=SQRT((AI83-D83)^2+(AI84-D84)^2);=SQRT((AJ83-D83)^2+(AJ84-D84)^2);=SQRT((AK83-D83)^2+(AK84-D84)^2);=SQRT((AL83-D83)^2+(AL84-D84)^2);=SQRT((AM83-D83)^2+(AM84-D84)^2);=SQRT((AN83-D83)^2+(AN84-D84)^2);=SQRT((AO83-D83)^2+(AO84-D84)^2);=SQRT((AP83-D83)^2+(AP84-D84)^2);=SQRT((AQ83-D83)^2+(AQ84-D84)^2);=SQRT((AR83-D83)^2+(AR84-D84)^2);=SQRT((AS83-D83)^2+(AS84-D84)^2);=SQRT((AT83-D83)^2+(AT84-D84)^2);=SQRT((AU83-D83)^2+(AU84-D84)^2);=SQRT((AV83-D83)^2+(AV84-D84)^2);=SQRT((AW83-D83)^2+(AW84-D84)^2);=SQRT((AX83-D83)^2+(AX84-D84)^2);=SQRT((AY83-D83)^2+(AY84-D84)^2);=SQRT((AZ83-D83)^2+(AZ84-D84)^2);=SQRT((BA83-D83)^2+(BA84-D84)^2);=SQRT((BB83-D83)^2+(BB84-D84)^2);=SQRT((BC83-D83)^2+(BC84-D84)^2);=SQRT((BD83-D83)^2+(BD84-D84)^2);=SQRT((BE83-D83)^2+(BE84-D84)^2);=SQRT((BF83-D83)^2+(BF84-D84)^2);=SQRT((BG83-D83)^2+(BG84-D84)^2);=SQRT((BH83-D83)^2+(BH84-D84)^2);=SQRT((BI83-D83)^2+(BI84-D84)^2)
j4;0;0;0;=SQRT((E83-E83)^2+(E84-E84)^2);=SQRT((F83-E83)^2+(F84-E84)^2);=SQRT((G83-E83)^2+(G84-E84)^2);=SQRT((H83-E83)^2+(H84-E84)^2);=SQRT((I83-E83)^2+(I84-E84)^2);=SQRT((J83-E83)^2+(J84-E84)^2);=SQRT((K83-E83)^2+(K84-E84)^2);=SQRT((L83-E83)^2+(L84-E84)^2);=SQRT((M83-E83)^2+(M84-E84)^2);=SQRT((N83-E83)^2+(N84-E84)^2);=SQRT((O83-E83)^2+(O84-E84)^2);=SQRT((P83-E83)^2+(P84-E84)^2);=SQRT((Q83-E83)^2+(Q84-E84)^2);=SQRT((R83-E83)^2+(R84-E84)^2);=SQRT((S83-E83)^2+(S84-E84)^2);=SQRT((T83-E83)^2+(T84-E84)^2);=SQRT((U83-E83)^2+(U84-E84)^2);=SQRT((V83-E83)^2+(V84-E84)^2);=SQRT((W83-E83)^2+(W84-E84)^2);=SQRT((X83-E83)^2+(X84-E84)^2);=SQRT((Y83-E83)^2+(Y84-E84)^2);=SQRT((Z83-E83)^2+(Z84-E84)^2);=SQRT((AA83-E83)^2+(AA84-E84)^2);=SQRT((AB83-E83)^2+(AB84-E84)^2);=SQRT((AC83-E83)^2+(AC84-E84)^2);=SQRT((AD83-E83)^2+(AD84-E84)^2);=SQRT((AE83-E83)^2+(AE84-E84)^2);=SQRT((AF83-E83)^2+(AF84-E84)^2);=SQRT((AG83-E83)^2+(AG84-E84)^2);=SQRT((AH83-E83)^2+(AH84-E84)^2);=SQRT((AI83-E83)^2+(AI84-E84)^2);=SQRT((AJ83-E83)^2+(AJ84-E84)^2);=SQRT((AK83-E83)^2+(AK84-E84)^2);=SQRT((AL83-E83)^2+(AL84-E84)^2);=SQRT((AM83-E83)^2+(AM84-E84)^2);=SQRT((AN83-E83)^2+(AN84-E84)^2);=SQRT((AO83-E83)^2+(AO84-E84)^2);=SQRT((AP83-E83)^2+(AP84-E84)^2);=SQRT((AQ83-E83)^2+(AQ84-E84)^2);=SQRT((AR83-E83)^2+(AR84-E84)^2);=SQRT((AS83-E83)^2+(AS84-E84)^2);=SQRT((AT83-E83)^2+(AT84-E84)^2);=SQRT((AU83-E83)^2+(AU84-E84)^2);=SQRT((AV83-E83)^2+(AV84-E84)^2);=SQRT((AW83-E83)^2+(AW84-E84)^2);=SQRT((AX83-E83)^2+(AX84-E84)^2);=SQRT((AY83-E83)^2+(AY84-E84)^2);=SQRT((AZ83-E83)^2+(AZ84-E84)^2);=SQRT((BA83-E83)^2+(BA84-E84)^2);=SQRT((BB83-E83)^2+(BB84-E84)^2);=SQRT((BC83-E83)^2+(BC84-E84)^2);=SQRT((BD83-E83)^2+(BD84-E84)^2);=SQRT((BE83-E83)^2+(BE84-E84)^2);=SQRT((BF83-E83)^2+(BF84-E84)^2);=SQRT((BG83-E83)^2+(BG84-E84)^2);=SQRT((BH83-E83)^2+(BH84-E84)^2);=SQRT((BI83-E83)^2+(BI84-E84)^2)
j5;0;0;0;0;=SQRT((F83-F83)^2+(F84-F84)^2);=SQRT((G83-F83)^2+(G84-F84)^2);=SQRT((H83-F83)^2+(H84-F84)^2);=SQRT((I83-F83)^2+(I84-F84)^2);=SQRT((J83-F83)^2+(J84-F84)^2);=SQRT((K83-F83)^2+(K84-F84)^2);=SQRT((L83-F83)^2+(L84-F84)^2);=SQRT((M83-F83)^2+(M84-F84)^2);=SQRT((N83-F83)^2+(N84-F84)^2);=SQRT((O83-F83)^2+(O84-F84)^2);=SQRT((P83-F83)^2+(P84-F84)^2);=SQRT((Q83-F83)^2+(Q84-F84)^2);=SQRT((R83-F83)^2+(R84-F84)^2);=SQRT((S83-F83)^2+(S84-F84)^2);=SQRT((T83-F83)^2+(T84-F84)^2);=SQRT((U83-F83)^2+(U84-F84)^2);=SQRT((V83-F83)^2+(V84-F84)^2);=SQRT((W83-F83)^2+(W84-F84)^2);=SQRT((X83-F83)^2+(X84-F84)^2);=SQRT((Y83-F83)^2+(Y84-F84)^2);=SQRT((Z83-F83)^2+(Z84-F84)^2);=SQRT((AA83-F83)^2+(AA84-F84)^2);=SQRT((AB83-F83)^2+(AB84-F84)^2);=SQRT((AC83-F83)^2+(AC84-F84)^2);=SQRT((AD83-F83)^2+(AD84-F84)^2);=SQRT((AE83-F83)^2+(AE84-F84)^2);=SQRT((AF83-F83)^2+(AF84-F84)^2);=SQRT((AG83-F83)^2+(AG84-F84)^2);=SQRT((AH83-F83)^2+(AH84-F84)^2);=SQRT((AI83-F83)^2+(AI84-F84)^2);=SQRT((AJ83-F83)^2+(AJ84-F84)^2);=SQRT((AK83-F83)^2+(AK84-F84)^2);=SQRT((AL83-F83)^2+(AL84-F84)^2);=SQRT((AM83-F83)^2+(AM84-F84)^2);=SQRT((AN83-F83)^2+(AN84-F84)^2);=SQRT((AO83-F83)^2+(AO84-F84)^2);=SQRT((AP83-F83)^2+(AP84-F84)^2);=SQRT((AQ83-F83)^2+(AQ84-F84)^2);=SQRT((AR83-F83)^2+(AR84-F84)^2);=SQRT((AS83-F83)^2+(AS84-F84)^2);=SQRT((AT83-F83)^2+(AT84-F84)^2);=SQRT((AU83-F83)^2+(AU84-F84)^2);=SQRT((AV83-F83)^2+(AV84-F84)^2);=SQRT((AW83-F83)^2+(AW84-F84)^2);=SQRT((AX83-F83)^2+(AX84-F84)^2);=SQRT((AY83-F83)^2+(AY84-F84)^2);=SQRT((AZ83-F83)^2+(AZ84-F84)^2);=SQRT((BA83-F83)^2+(BA84-F84)^2);=SQRT((BB83-F83)^2+(BB84-F84)^2);=SQRT((BC83-F83)^2+(BC84-F84)^2);=SQRT((BD83-F83)^2+(BD84-F84)^2);=SQRT((BE83-F83)^2+(BE84-F84)^2);=SQRT((BF83-F83)^2+(BF84-F84)^2);=SQRT((BG83-F83)^2+(BG84-F84)^2);=SQRT((BH83-F83)^2+(BH84-F84)^2);=SQRT((BI83-F83)^2+(BI84-F84)^2)
j6;0;0;0;0;0;=SQRT((G83-G83)^2+(G84-G84)^2);=SQRT((H83-G83)^2+(H84-G84)^2);=SQRT((I83-G83)^2+(I84-G84)^2);=SQRT((J83-G83)^2+(J84-G84)^2);=SQRT((K83-G83)^2+(K84-G84)^2);=SQRT((L83-G83)^2+(L84-G84)^2);=SQRT((M83-G83)^2+(M84-G84)^2);=SQRT((N83-G83)^2+(N84-G84)^2);=SQRT((O83-G83)^2+(O84-G84)^2);=SQRT((P83-G83)^2+(P84-G84)^2);=SQRT((Q83-G83)^2+(Q84-G84)^2);=SQRT((R83-G83)^2+(R84-G84)^2);=SQRT((S83-G83)^2+(S84-G84)^2);=SQRT((T83-G83)^2+(T84-G84)^2);=SQRT((U83-G83)^2+(U84-G84)^2);=SQRT((V83-G83)^2+(V84-G84)^2);=SQRT((W83-G83)^2+(W84-G84)^2);=SQRT((X83-G83)^2+(X84-G84)^2);=SQRT((Y83-G83)^2+(Y84-G84)^2);=SQRT((Z83-G83)^2+(Z84-G84)^2);=SQRT((AA83-G83)^2+(AA84-G84)^2);=SQRT((AB83-G83)^2+(AB84-G84)^2);=SQRT((AC83-G83)^2+(AC84-G84)^2);=SQRT((AD83-G83)^2+(AD84-G84)^2);=SQRT((AE83-G83)^2+(AE84-G84)^2);=SQRT((AF83-G83)^2+(AF84-G84)^2);=SQRT((AG83-G83)^2+(AG84-G84)^2);=SQRT((AH83-G83)^2+(AH84-G84)^2);=SQRT((AI83-G83)^2+(AI84-G84)^2);=SQRT((AJ83-G83)^2+(AJ84-G84)^2);=SQRT((AK83-G83)^2+(AK84-G84)^2);=SQRT((AL83-G83)^2+(AL84-G84)^2);=SQRT((AM83-G83)^2+(AM84-G84)^2);=SQRT((AN83-G83)^2+(AN84-G84)^2);=SQRT((AO83-G83)^2+(AO84-G84)^2);=SQRT((AP83-G83)^2+(AP84-G84)^2);=SQRT((AQ83-G83)^2+(AQ84-G84)^2);=SQRT((AR83-G83)^2+(AR84-G84)^2);=SQRT((AS83-G83)^2+(AS84-G84)^2);=SQRT((AT83-G83)^2+(AT84-G84)^2);=SQRT((AU83-G83)^2+(AU84-G84)^2);=SQRT((AV83-G83)^2+(AV84-G84)^2);=SQRT((AW83-G83)^2+(AW84-G84)^2);=SQRT((AX83-G83)^2+(AX84-G84)^2);=SQRT((AY83-G83)^2+(AY84-G84)^2);=SQRT((AZ83-G83)^2+(AZ84-G84)^2);=SQRT((BA83-G83)^2+(BA84-G84)^2);=SQRT((BB83-G83)^2+(BB84-G84)^2);=SQRT((BC83-G83)^2+(BC84-G84)^2);=SQRT((BD83-G83)^2+(BD84-G84)^2);=SQRT((BE83-G83)^2+(BE84-G84)^2);=SQRT((BF83-G83)^2+(BF84-G84)^2);=SQRT((BG83-G83)^2+(BG84-G84)^2);=SQRT((BH83-G83)^2+(BH84-G84)^2);=SQRT((BI83-G83)^2+(BI84-G84)^2)
j7;0;0;0;0;0;0;=SQRT((H83-H83)^2+(H84-H84)^2);=SQRT((I83-H83)^2+(I84-H84)^2);=SQRT((J83-H83)^2+(J84-H84)^2);=SQRT((K83-H83)^2+(K84-H84)^2);=SQRT((L83-H83)^2+(L84-H84)^2);=SQRT((M83-H83)^2+(M84-H84)^2);=SQRT((N83-H83)^2+(N84-H84)^2);=SQRT((O83-H83)^2+(O84-H84)^2);=SQRT((P83-H83)^2+(P84-H84)^2);=SQRT((Q83-H83)^2+(Q84-H84)^2);=SQRT((R83-H83)^2+(R84-H84)^2);=SQRT((S83-H83)^2+(S84-H84)^2);=SQRT((T83-H83)^2+(T84-H84)^2);=SQRT((U83-H83)^2+(U84-H84)^2);=SQRT((V83-H83)^2+(V84-H84)^2);=SQRT((W83-H83)^2+(W84-H84)^2);=SQRT((X83-H83)^2+(X84-H84)^2);=SQRT((Y83-H83)^2+(Y84-H84)^2);=SQRT((Z83-H83)^2+(Z84-H84)^2);=SQRT((AA83-H83)^2+(AA84-H84)^2);=SQRT((AB83-H83)^2+(AB84-H84)^2);=SQRT((AC83-H83)^2+(AC84-H84)^2);=SQRT((AD83-H83)^2+(AD84-H84)^2);=SQRT((AE83-H83)^2+(AE84-H84)^2);=SQRT((AF83-H83)^2+(AF84-H84)^2);=SQRT((AG83-H83)^2+(AG84-H84)^2);=SQRT((AH83-H83)^2+(AH84-H84)^2);=SQRT((AI83-H83)^2+(AI84-H84)^2);=SQRT((AJ83-H83)^2+(AJ84-H84)^2);=SQRT((AK83-H83)^2+(AK84-H84)^2);=SQRT((AL83-H83)^2+(AL84-H84)^2);=SQRT((AM83-H83)^2+(AM84-H84)^2);=SQRT((AN83-H83)^2+(AN84-H84)^2);=SQRT((AO83-H83)^2+(AO84-H84)^2);=SQRT((AP83-H83)^2+(AP84-H84)^2);=SQRT((AQ83-H83)^2+(AQ84-H84)^2);=SQRT((AR83-H83)^2+(AR84-H84)^2);=SQRT((AS83-H83)^2+(AS84-H84)^2);=SQRT((AT83-H83)^2+(AT84-H84)^2);=SQRT((AU83-H83)^2+(AU84-H84)^2);=SQRT((AV83-H83)^2+(AV84-H84)^2);=SQRT((AW83-H83)^2+(AW84-H84)^2);=SQRT((AX83-H83)^2+(AX84-H84)^2);=SQRT((AY83-H83)^2+(AY84-H84)^2);=SQRT((AZ83-H83)^2+(AZ84-H84)^2);=SQRT((BA83-H83)^2+(BA84-H84)^2);=SQRT((BB83-H83)^2+(BB84-H84)^2);=SQRT((BC83-H83)^2+(BC84-H84)^2);=SQRT((BD83-H83)^2+(BD84-H84)^2);=SQRT((BE83-H83)^2+(BE84-H84)^2);=SQRT((BF83-H83)^2+(BF84-H84)^2);=SQRT((BG83-H83)^2+(BG84-H84)^2);=SQRT((BH83-H83)^2+(BH84-H84)^2);=SQRT((BI83-H83)^2+(BI84-H84)^2)
j8;0;0;0;0;0;0;0;=SQRT((I83-I83)^2+(I84-I84)^2);=SQRT((J83-I83)^2+(J84-I84)^2);=SQRT((K83-I83)^2+(K84-I84)^2);=SQRT((L83-I83)^2+(L84-I84)^2);=SQRT((M83-I83)^2+(M84-I84)^2);=SQRT((N83-I83)^2+(N84-I84)^2);=SQRT((O83-I83)^2+(O84-I84)^2);=SQRT((P83-I83)^2+(P84-I84)^2);=SQRT((Q83-I83)^2+(Q84-I84)^2);=SQRT((R83-I83)^2+(R84-I84)^2);=SQRT((S83-I83)^2+(S84-I84)^2);=SQRT((T83-I83)^2+(T84-I84)^2);=SQRT((U83-I83)^2+(U84-I84)^2);=SQRT((V83-I83)^2+(V84-I84)^2);=SQRT((W83-I83)^2+(W84-I84)^2);=SQRT((X83-I83)^2+(X84-I84)^2);=SQRT((Y83-I83)^2+(Y84-I84)^2);=SQRT((Z83-I83)^2+(Z84-I84)^2);=SQRT((AA83-I83)^2+(AA84-I84)^2);=SQRT((AB83-I83)^2+(AB84-I84)^2);=SQRT((AC83-I83)^2+(AC84-I84)^2);=SQRT((AD83-I83)^2+(AD84-I84)^2);=SQRT((AE83-I83)^2+(AE84-I84)^2);=SQRT((AF83-I83)^2+(AF84-I84)^2);=SQRT((AG83-I83)^2+(AG84-I84)^2);=SQRT((AH83-I83)^2+(AH84-I84)^2);=SQRT((AI83-I83)^2+(AI84-I84)^2);=SQRT((AJ83-I83)^2+(AJ84-I84)^2);=SQRT((AK83-I83)^2+(AK84-I84)^2);=SQRT((AL83-I83)^2+(AL84-I84)^2);=SQRT((AM83-I83)^2+(AM84-I84)^2);=SQRT((AN83-I83)^2+(AN84-I84)^2);=SQRT((AO83-I83)^2+(AO84-I84)^2);=SQRT((AP83-I83)^2+(AP84-I84)^2);=SQRT((AQ83-I83)^2+(AQ84-I84)^2);=SQRT((AR83-I83)^2+(AR84-I84)^2);=SQRT((AS83-I83)^2+(AS84-I84)^2);=SQRT((AT83-I83)^2+(AT84-I84)^2);=SQRT((AU83-I83)^2+(AU84-I84)^2);=SQRT((AV83-I83)^2+(AV84-I84)^2);=SQRT((AW83-I83)^2+(AW84-I84)^2);=SQRT((AX83-I83)^2+(AX84-I84)^2);=SQRT((AY83-I83)^2+(AY84-I84)^2);=SQRT((AZ83-I83)^2+(AZ84-I84)^2);=SQRT((BA83-I83)^2+(BA84-I84)^2);=SQRT((BB83-I83)^2+(BB84-I84)^2);=SQRT((BC83-I83)^2+(BC84-I84)^2);=SQRT((BD83-I83)^2+(BD84-I84)^2);=SQRT((BE83-I83)^2+(BE84-I84)^2);=SQRT((BF83-I83)^2+(BF84-I84)^2);=SQRT((BG83-I83)^2+(BG84-I84)^2);=SQRT((BH83-I83)^2+(BH84-I84)^2);=SQRT((BI83-I83)^2+(BI84-I84)^2)
j9;0;0;0;0;0;0;0;0;=SQRT((J83-J83)^2+(J84-J84)^2);=SQRT((K83-J83)^2+(K84-J84)^2);=SQRT((L83-J83)^2+(L84-J84)^2);=SQRT((M83-J83)^2+(M84-J84)^2);=SQRT((N83-J83)^2+(N84-J84)^2);=SQRT((O83-J83)^2+(O84-J84)^2);=SQRT((P83-J83)^2+(P84-J84)^2);=SQRT((Q83-J83)^2+(Q84-J84)^2);=SQRT((R83-J83)^2+(R84-J84)^2);=SQRT((S83-J83)^2+(S84-J84)^2);=SQRT((T83-J83)^2+(T84-J84)^2);=SQRT((U83-J83)^2+(U84-J84)^2);=SQRT((V83-J83)^2+(V84-J84)^2);=SQRT((W83-J83)^2+(W84-J84)^2);=SQRT((X83-J83)^2+(X84-J84)^2);=SQRT((Y83-J83)^2+(Y84-J84)^2);=SQRT((Z83-J83)^2+(Z84-J84)^2);=SQRT((AA83-J83)^2+(AA84-J84)^2);=SQRT((AB83-J83)^2+(AB84-J84)^2);=SQRT((AC83-J83)^2+(AC84-J84)^2);=SQRT((AD83-J83)^2+(AD84-J84)^2);=SQRT((AE83-J83)^2+(AE84-J84)^2);=SQRT((AF83-J83)^2+(AF84-J84)^2);=SQRT((AG83-J83)^2+(AG84-J84)^2);=SQRT((AH83-J83)^2+(AH84-J84)^2);=SQRT((AI83-J83)^2+(AI84-J84)^2);=SQRT((AJ83-J83)^2+(AJ84-J84)^2);=SQRT((AK83-J83)^2+(AK84-J84)^2);=SQRT((AL83-J83)^2+(AL84-J84)^2);=SQRT((AM83-J83)^2+(AM84-J84)^2);=SQRT((AN83-J83)^2+(AN84-J84)^2);=SQRT((AO83-J83)^2+(AO84-J84)^2);=SQRT((AP83-J83)^2+(AP84-J84)^2);=SQRT((AQ83-J83)^2+(AQ84-J84)^2);=SQRT((AR83-J83)^2+(AR84-J84)^2);=SQRT((AS83-J83)^2+(AS84-J84)^2);=SQRT((AT83-J83)^2+(AT84-J84)^2);=SQRT((AU83-J83)^2+(AU84-J84)^2);=SQRT((AV83-J83)^2+(AV84-J84)^2);=SQRT((AW83-J83)^2+(AW84-J84)^2);=SQRT((AX83-J83)^2+(AX84-J84)^2);=SQRT((AY83-J83)^2+(AY84-J84)^2);=SQRT((AZ83-J83)^2+(AZ84-J84)^2);=SQRT((BA83-J83)^2+(BA84-J84)^2);=SQRT((BB83-J83)^2+(BB84-J84)^2);=SQRT((BC83-J83)^2+(BC84-J84)^2);=SQRT((BD83-J83)^2+(BD84-J84)^2);=SQRT((BE83-J83)^2+(BE84-J84)^2);=SQRT((BF83-J83)^2+(BF84-J84)^2);=SQRT((BG83-J83)^2+(BG84-J84)^2);=SQRT((BH83-J83)^2+(BH84-J84)^2);=SQRT((BI83-J83)^2+(BI84-J84)^2)
j10;0;0;0;0;0;0;0;0;0;=SQRT((K83-K83)^2+(K84-K84)^2);=SQRT((L83-K83)^2+(L84-K84)^2);=SQRT((M83-K83)^2+(M84-K84)^2);=SQRT((N83-K83)^2+(N84-K84)^2);=SQRT((O83-K83)^2+(O84-K84)^2);=SQRT((P83-K83)^2+(P84-K84)^2);=SQRT((Q83-K83)^2+(Q84-K84)^2);=SQRT((R83-K83)^2+(R84-K84)^2);=SQRT((S83-K83)^2+(S84-K84)^2);=SQRT((T83-K83)^2+(T84-K84)^2);=SQRT((U83-K83)^2+(U84-K84)^2);=SQRT((V83-K83)^2+(V84-K84)^2);=SQRT((W83-K83)^2+(W84-K84)^2);=SQRT((X83-K83)^2+(X84-K84)^2);=SQRT((Y83-K83)^2+(Y84-K84)^2);=SQRT((Z83-K83)^2+(Z84-K84)^2);=SQRT((AA83-K83)^2+(AA84-K84)^2);=SQRT((AB83-K83)^2+(AB84-K84)^2);=SQRT((AC83-K83)^2+(AC84-K84)^2);=SQRT((AD83-K83)^2+(AD84-K84)^2);=SQRT((AE83-K83)^2+(AE84-K84)^2);=SQRT((AF83-K83)^2+(AF84-K84)^2);=SQRT((AG83-K83)^2+(AG84-K84)^2);=SQRT((AH83-K83)^2+(AH84-K84)^2);=SQRT((AI83-K83)^2+(AI84-K84)^2);=SQRT((AJ83-K83)^2+(AJ84-K84)^2);=SQRT((AK83-K83)^2+(AK84-K84)^2);=SQRT((AL83-K83)^2+(AL84-K84)^2);=SQRT((AM83-K83)^2+(AM84-K84)^2);=SQRT((AN83-K83)^2+(AN84-K84)^2);=SQRT((AO83-K83)^2+(AO84-K84)^2);=SQRT((AP83-K83)^2+(AP84-K84)^2);=SQRT((AQ83-K83)^2+(AQ84-K84)^2);=SQRT((AR83-K83)^2+(AR84-K84)^2);=SQRT((AS83-K83)^2+(AS84-K84)^2);=SQRT((AT83-K83)^2+(AT84-K84)^2);=SQRT((AU83-K83)^2+(AU84-K84)^2);=SQRT((AV83-K83)^2+(AV84-K84)^2);=SQRT((AW83-K83)^2+(AW84-K84)^2);=SQRT((AX83-K83)^2+(AX84-K84)^2);=SQRT((AY83-K83)^2+(AY84-K84)^2);=SQRT((AZ83-K83)^2+(AZ84-K84)^2);=SQRT((BA83-K83)^2+(BA84-K84)^2);=SQRT((BB83-K83)^2+(BB84-K84)^2);=SQRT((BC83-K83)^2+(BC84-K84)^2);=SQRT((BD83-K83)^2+(BD84-K84)^2);=SQRT((BE83-K83)^2+(BE84-K84)^2);=SQRT((BF83-K83)^2+(BF84-K84)^2);=SQRT((BG83-K83)^2+(BG84-K84)^2);=SQRT((BH83-K83)^2+(BH84-K84)^2);=SQRT((BI83-K83)^2+(BI84-K84)^2)
j11;0;0;0;0;0;0;0;0;0;0;=SQRT((L83-L83)^2+(L84-L84)^2);=SQRT((M83-L83)^2+(M84-L84)^2);=SQRT((N83-L83)^2+(N84-L84)^2);=SQRT((O83-L83)^2+(O84-L84)^2);=SQRT((P83-L83)^2+(P84-L84)^2);=SQRT((Q83-L83)^2+(Q84-L84)^2);=SQRT((R83-L83)^2+(R84-L84)^2);=SQRT((S83-L83)^2+(S84-L84)^2);=SQRT((T83-L83)^2+(T84-L84)^2);=SQRT((U83-L83)^2+(U84-L84)^2);=SQRT((V83-L83)^2+(V84-L84)^2);=SQRT((W83-L83)^2+(W84-L84)^2);=SQRT((X83-L83)^2+(X84-L84)^2);=SQRT((Y83-L83)^2+(Y84-L84)^2);=SQRT((Z83-L83)^2+(Z84-L84)^2);=SQRT((AA83-L83)^2+(AA84-L84)^2);=SQRT((AB83-L83)^2+(AB84-L84)^2);=SQRT((AC83-L83)^2+(AC84-L84)^2);=SQRT((AD83-L83)^2+(AD84-L84)^2);=SQRT((AE83-L83)^2+(AE84-L84)^2);=SQRT((AF83-L83)^2+(AF84-L84)^2);=SQRT((AG83-L83)^2+(AG84-L84)^2);=SQRT((AH83-L83)^2+(AH84-L84)^2);=SQRT((AI83-L83)^2+(AI84-L84)^2);=SQRT((AJ83-L83)^2+(AJ84-L84)^2);=SQRT((AK83-L83)^2+(AK84-L84)^2);=SQRT((AL83-L83)^2+(AL84-L84)^2);=SQRT((AM83-L83)^2+(AM84-L84)^2);=SQRT((AN83-L83)^2+(AN84-L84)^2);=SQRT((AO83-L83)^2+(AO84-L84)^2);=SQRT((AP83-L83)^2+(AP84-L84)^2);=SQRT((AQ83-L83)^2+(AQ84-L84)^2);=SQRT((AR83-L83)^2+(AR84-L84)^2);=SQRT((AS83-L83)^2+(AS84-L84)^2);=SQRT((AT83-L83)^2+(AT84-L84)^2);=SQRT((AU83-L83)^2+(AU84-L84)^2);=SQRT((AV83-L83)^2+(AV84-L84)^2);=SQRT((AW83-L83)^2+(AW84-L84)^2);=SQRT((AX83-L83)^2+(AX84-L84)^2);=SQRT((AY83-L83)^2+(AY84-L84)^2);=SQRT((AZ83-L83)^2+(AZ84-L84)^2);=SQRT((BA83-L83)^2+(BA84-L84)^2);=SQRT((BB83-L83)^2+(BB84-L84)^2);=SQRT((BC83-L83)^2+(BC84-L84)^2);=SQRT((BD83-L83)^2+(BD84-L84)^2);=SQRT((BE83-L83)^2+(BE84-L84)^2);=SQRT((BF83-L83)^2+(BF84-L84)^2);=SQRT((BG83-L83)^2+(BG84-L84)^2);=SQRT((BH83-L83)^2+(BH84-L84)^2);=SQRT((BI83-L83)^2+(BI84-L84)^2)
j12;0;0;0;0;0;0;0;0;0;0;0;=SQRT((M83-M83)^2+(M84-M84)^2);=SQRT((N83-M83)^2+(N84-M84)^2);=SQRT((O83-M83)^2+(O84-M84)^2);=SQRT((P83-M83)^2+(P84-M84)^2);=SQRT((Q83-M83)^2+(Q84-M84)^2);=SQRT((R83-M83)^2+(R84-M84)^2);=SQRT((S83-M83)^2+(S84-M84)^2);=SQRT((T83-M83)^2+(T84-M84)^2);=SQRT((U83-M83)^2+(U84-M84)^2);=SQRT((V83-M83)^2+(V84-M84)^2);=SQRT((W83-M83)^2+(W84-M84)^2);=SQRT((X83-M83)^2+(X84-M84)^2);=SQRT((Y83-M83)^2+(Y84-M84)^2);=SQRT((Z83-M83)^2+(Z84-M84)^2);=SQRT((AA83-M83)^2+(AA84-M84)^2);=SQRT((AB83-M83)^2+(AB84-M84)^2);=SQRT((AC83-M83)^2+(AC84-M84)^2);=SQRT((AD83-M83)^2+(AD84-M84)^2);=SQRT((AE83-M83)^2+(AE84-M84)^2);=SQRT((AF83-M83)^2+(AF84-M84)^2);=SQRT((AG83-M83)^2+(AG84-M84)^2);=SQRT((AH83-M83)^2+(AH84-M84)^2);=SQRT((AI83-M83)^2+(AI84-M84)^2);=SQRT((AJ83-M83)^2+(AJ84-M84)^2);=SQRT((AK83-M83)^2+(AK84-M84)^2);=SQRT((AL83-M83)^2+(AL84-M84)^2);=SQRT((AM83-M83)^2+(AM84-M84)^2);=SQRT((AN83-M83)^2+(AN84-M84)^2);=SQRT((AO83-M83)^2+(AO84-M84)^2);=SQRT((AP83-M83)^2+(AP84-M84)^2);=SQRT((AQ83-M83)^2+(AQ84-M84)^2);=SQRT((AR83-M83)^2+(AR84-M84)^2);=SQRT((AS83-M83)^2+(AS84-M84)^2);=SQRT((AT83-M83)^2+(AT84-M84)^2);=SQRT((AU83-M83)^2+(AU84-M84)^2);=SQRT((AV83-M83)^2+(AV84-M84)^2);=SQRT((AW83-M83)^2+(AW84-M84)^2);=SQRT((AX83-M83)^2+(AX84-M84)^2);=SQRT((AY83-M83)^2+(AY84-M84)^2);=SQRT((AZ83-M83)^2+(AZ84-M84)^2);=SQRT((BA83-M83)^2+(BA84-M84)^2);=SQRT((BB83-M83)^2+(BB84-M84)^2);=SQRT((BC83-M83)^2+(BC84-M84)^2);=SQRT((BD83-M83)^2+(BD84-M84)^2);=SQRT((BE83-M83)^2+(BE84-M84)^2);=SQRT((BF83-M83)^2+(BF84-M84)^2);=SQRT((BG83-M83)^2+(BG84-M84)^2);=SQRT((BH83-M83)^2+(BH84-M84)^2);=SQRT((BI83-M83)^2+(BI84-M84)^2)
g1;0;0;0;0;0;0;0;0;0;0;0;0;=SQRT((N83-N83)^2+(N84-N84)^2);=SQRT((O83-N83)^2+(O84-N84)^2);=SQRT((P83-N83)^2+(P84-N84)^2);=SQRT((Q83-N83)^2+(Q84-N84)^2);=SQRT((R83-N83)^2+(R84-N84)^2);=SQRT((S83-N83)^2+(S84-N84)^2);=SQRT((T83-N83)^2+(T84-N84)^2);=SQRT((U83-N83)^2+(U84-N84)^2);=SQRT((V83-N83)^2+(V84-N84)^2);=SQRT((W83-N83)^2+(W84-N84)^2);=SQRT((X83-N83)^2+(X84-N84)^2);=SQRT((Y83-N83)^2+(Y84-N84)^2);=SQRT((Z83-N83)^2+(Z84-N84)^2);=SQRT((AA83-N83)^2+(AA84-N84)^2);=SQRT((AB83-N83)^2+(AB84-N84)^2);=SQRT((AC83-N83)^2+(AC84-N84)^2);=SQRT((AD83-N83)^2+(AD84-N84)^2);=SQRT((AE83-N83)^2+(AE84-N84)^2);=SQRT((AF83-N83)^2+(AF84-N84)^2);=SQRT((AG83-N83)^2+(AG84-N84)^2);=SQRT((AH83-N83)^2+(AH84-N84)^2);=SQRT((AI83-N83)^2+(AI84-N84)^2);=SQRT((AJ83-N83)^2+(AJ84-N84)^2);=SQRT((AK83-N83)^2+(AK84-N84)^2);=SQRT((AL83-N83)^2+(AL84-N84)^2);=SQRT((AM83-N83)^2+(AM84-N84)^2);=SQRT((AN83-N83)^2+(AN84-N84)^2);=SQRT((AO83-N83)^2+(AO84-N84)^2);=SQRT((AP83-N83)^2+(AP84-N84)^2);=SQRT((AQ83-N83)^2+(AQ84-N84)^2);=SQRT((AR83-N83)^2+(AR84-N84)^2);=SQRT((AS83-N83)^2+(AS84-N84)^2);=SQRT((AT83-N83)^2+(AT84-N84)^2);=SQRT((AU83-N83)^2+(AU84-N84)^2);=SQRT((AV83-N83)^2+(AV84-N84)^2);=SQRT((AW83-N83)^2+(AW84-N84)^2);=SQRT((AX83-N83)^2+(AX84-N84)^2);=SQRT((AY83-N83)^2+(AY84-N84)^2);=SQRT((AZ83-N83)^2+(AZ84-N84)^2);=SQRT((BA83-N83)^2+(BA84-N84)^2);=SQRT((BB83-N83)^2+(BB84-N84)^2);=SQRT((BC83-N83)^2+(BC84-N84)^2);=SQRT((BD83-N83)^2+(BD84-N84)^2);=SQRT((BE83-N83)^2+(BE84-N84)^2);=SQRT((BF83-N83)^2+(BF84-N84)^2);=SQRT((BG83-N83)^2+(BG84-N84)^2);=SQRT((BH83-N83)^2+(BH84-N84)^2);=SQRT((BI83-N83)^2+(BI84-N84)^2)
g2;0;0;0;0;0;0;0;0;0;0;0;0;0;=SQRT((O83-O83)^2+(O84-O84)^2);=SQRT((P83-O83)^2+(P84-O84)^2);=SQRT((Q83-O83)^2+(Q84-O84)^2);=SQRT((R83-O83)^2+(R84-O84)^2);=SQRT((S83-O83)^2+(S84-O84)^2);=SQRT((T83-O83)^2+(T84-O84)^2);=SQRT((U83-O83)^2+(U84-O84)^2);=SQRT((V83-O83)^2+(V84-O84)^2);=SQRT((W83-O83)^2+(W84-O84)^2);=SQRT((X83-O83)^2+(X84-O84)^2);=SQRT((Y83-O83)^2+(Y84-O84)^2);=SQRT((Z83-O83)^2+(Z84-O84)^2);=SQRT((AA83-O83)^2+(AA84-O84)^2);=SQRT((AB83-O83)^2+(AB84-O84)^2);=SQRT((AC83-O83)^2+(AC84-O84)^2);=SQRT((AD83-O83)^2+(AD84-O84)^2);=SQRT((AE83-O83)^2+(AE84-O84)^2);=SQRT((AF83-O83)^2+(AF84-O84)^2);=SQRT((AG83-O83)^2+(AG84-O84)^2);=SQRT((AH83-O83)^2+(AH84-O84)^2);=SQRT((AI83-O83)^2+(AI84-O84)^2);=SQRT((AJ83-O83)^2+(AJ84-O84)^2);=SQRT((AK83-O83)^2+(AK84-O84)^2);=SQRT((AL83-O83)^2+(AL84-O84)^2);=SQRT((AM83-O83)^2+(AM84-O84)^2);=SQRT((AN83-O83)^2+(AN84-O84)^2);=SQRT((AO83-O83)^2+(AO84-O84)^2);=SQRT((AP83-O83)^2+(AP84-O84)^2);=SQRT((AQ83-O83)^2+(AQ84-O84)^2);=SQRT((AR83-O83)^2+(AR84-O84)^2);=SQRT((AS83-O83)^2+(AS84-O84)^2);=SQRT((AT83-O83)^2+(AT84-O84)^2);=SQRT((AU83-O83)^2+(AU84-O84)^2);=SQRT((AV83-O83)^2+(AV84-O84)^2);=SQRT((AW83-O83)^2+(AW84-O84)^2);=SQRT((AX83-O83)^2+(AX84-O84)^2);=SQRT((AY83-O83)^2+(AY84-O84)^2);=SQRT((AZ83-O83)^2+(AZ84-O84)^2);=SQRT((BA83-O83)^2+(BA84-O84)^2);=SQRT((BB83-O83)^2+(BB84-O84)^2);=SQRT((BC83-O83)^2+(BC84-O84)^2);=SQRT((BD83-O83)^2+(BD84-O84)^2);=SQRT((BE83-O83)^2+(BE84-O84)^2);=SQRT((BF83-O83)^2+(BF84-O84)^2);=SQRT((BG83-O83)^2+(BG84-O84)^2);=SQRT((BH83-O83)^2+(BH84-O84)^2);=SQRT((BI83-O83)^2+(BI84-O84)^2)
g3;0;0;0;0;0;0;0;0;0;0;0;0;0;0;=SQRT((P83-P83)^2+(P84-P84)^2);=SQRT((Q83-P83)^2+(Q84-P84)^2);=SQRT((R83-P83)^2+(R84-P84)^2);=SQRT((S83-P83)^2+(S84-P84)^2);=SQRT((T83-P83)^2+(T84-P84)^2);=SQRT((U83-P83)^2+(U84-P84)^2);=SQRT((V83-P83)^2+(V84-P84)^2);=SQRT((W83-P83)^2+(W84-P84)^2);=SQRT((X83-P83)^2+(X84-P84)^2);=SQRT((Y83-P83)^2+(Y84-P84)^2);=SQRT((Z83-P83)^2+(Z84-P84)^2);=SQRT((AA83-P83)^2+(AA84-P84)^2);=SQRT((AB83-P83)^2+(AB84-P84)^2);=SQRT((AC83-P83)^2+(AC84-P84)^2);=SQRT((AD83-P83)^2+(AD84-P84)^2);=SQRT((AE83-P83)^2+(AE84-P84)^2);=SQRT((AF83-P83)^2+(AF84-P84)^2);=SQRT((AG83-P83)^2+(AG84-P84)^2);=SQRT((AH83-P83)^2+(AH84-P84)^2);=SQRT((AI83-P83)^2+(AI84-P84)^2);=SQRT((AJ83-P83)^2+(AJ84-P84)^2);=SQRT((AK83-P83)^2+(AK84-P84)^2);=SQRT((AL83-P83)^2+(AL84-P84)^2);=SQRT((AM83-P83)^2+(AM84-P84)^2);=SQRT((AN83-P83)^2+(AN84-P84)^2);=SQRT((AO83-P83)^2+(AO84-P84)^2);=SQRT((AP83-P83)^2+(AP84-P84)^2);=SQRT((AQ83-P83)^2+(AQ84-P84)^2);=SQRT((AR83-P83)^2+(AR84-P84)^2);=SQRT((AS83-P83)^2+(AS84-P84)^2);=SQRT((AT83-P83)^2+(AT84-P84)^2);=SQRT((AU83-P83)^2+(AU84-P84)^2);=SQRT((AV83-P83)^2+(AV84-P84)^2);=SQRT((AW83-P83)^2+(AW84-P84)^2);=SQRT((AX83-P83)^2+(AX84-P84)^2);=SQRT((AY83-P83)^2+(AY84-P84)^2);=SQRT((AZ83-P83)^2+(AZ84-P84)^2);=SQRT((BA83-P83)^2+(BA84-P84)^2);=SQRT((BB83-P83)^2+(BB84-P84)^2);=SQRT((BC83-P83)^2+(BC84-P84)^2);=SQRT((BD83-P83)^2+(BD84-P84)^2);=SQRT((BE83-P83)^2+(BE84-P84)^2);=SQRT((BF83-P83)^2+(BF84-P84)^2);=SQRT((BG83-P83)^2+(BG84-P84)^2);=SQRT((BH83-P83)^2+(BH84-P84)^2);=SQRT((BI83-P83)^2+(BI84-P84)^2)
g4;0;0;0;0;0;0;0;0;0;0;0;0;0;0;0;=SQRT((Q83-Q83)^2+(Q84-Q84)^2);=SQRT((R83-Q83)^2+(R84-Q84)^2);=SQRT((S83-Q83)^2+(S84-Q84)^2);=SQRT((T83-Q83)^2+(T84-Q84)^2);=SQRT((U83-Q83)^2+(U84-Q84)^2);=SQRT((V83-Q83)^2+(V84-Q84)^2);=SQRT((W83-Q83)^2+(W84-Q84)^2);=SQRT((X83-Q83)^2+(X84-Q84)^2);=SQRT((Y83-Q83)^2+(Y84-Q84)^2);=SQRT((Z83-Q83)^2+(Z84-Q84)^2);=SQRT((AA83-Q83)^2+(AA84-Q84)^2);=SQRT((AB83-Q83)^2+(AB84-Q84)^2);=SQRT((AC83-Q83)^2+(AC84-Q84)^2);=SQRT((AD83-Q83)^2+(AD84-Q84)^2);=SQRT((AE83-Q83)^2+(AE84-Q84)^2);=SQRT((AF83-Q83)^2+(AF84-Q84)^2);=SQRT((AG83-Q83)^2+(AG84-Q84)^2);=SQRT((AH83-Q83)^2+(AH84-Q84)^2);=SQRT((AI83-Q83)^2+(AI84-Q84)^2);=SQRT((AJ83-Q83)^2+(AJ84-Q84)^2);=SQRT((AK83-Q83)^2+(AK84-Q84)^2);=SQRT((AL83-Q83)^2+(AL84-Q84)^2);=SQRT((AM83-Q83)^2+(AM84-Q84)^2);=SQRT((AN83-Q83)^2+(AN84-Q84)^2);=SQRT((AO83-Q83)^2+(AO84-Q84)^2);=SQRT((AP83-Q83)^2+(AP84-Q84)^2);=SQRT((AQ83-Q83)^2+(AQ84-Q84)^2);=SQRT((AR83-Q83)^2+(AR84-Q84)^2);=SQRT((AS83-Q83)^2+(AS84-Q84)^2);=SQRT((AT83-Q83)^2+(AT84-Q84)^2);=SQRT((AU83-Q83)^2+(AU84-Q84)^2);=SQRT((AV83-Q83)^2+(AV84-Q84)^2);=SQRT((AW83-Q83)^2+(AW84-Q84)^2);=SQRT((AX83-Q83)^2+(AX84-Q84)^2);=SQRT((AY83-Q83)^2+(AY84-Q84)^2);=SQRT((AZ83-Q83)^2+(AZ84-Q84)^2);=SQRT((BA83-Q83)^2+(BA84-Q84)^2);=SQRT((BB83-Q83)^2+(BB84-Q84)^2);=SQRT((BC83-Q83)^2+(BC84-Q84)^2);=SQRT((BD83-Q83)^2+(BD84-Q84)^2);=SQRT((BE83-Q83)^2+(BE84-Q84)^2);=SQRT((BF83-Q83)^2+(BF84-Q84)^2);=SQRT((BG83-Q83)^2+(BG84-Q84)^2);=SQRT((BH83-Q83)^2+(BH84-Q84)^2);=SQRT((BI83-Q83)^2+(BI84-Q84)^2)
g5;0;0;0;0;0;0;0;0;0;0;0;0;0;0;0;0;=SQRT((R83-R83)^2+(R84-R84)^2);=SQRT((S83-R83)^2+(S84-R84)^2);=SQRT((T83-R83)^2+(T84-R84)^2);=SQRT((U83-R83)^2+(U84-R84)^2);=SQRT((V83-R83)^2+(V84-R84)^2);=SQRT((W83-R83)^2+(W84-R84)^2);=SQRT((X83-R83)^2+(X84-R84)^2);=SQRT((Y83-R83)^2+(Y84-R84)^2);=SQRT((Z83-R83)^2+(Z84-R84)^2);=SQRT((AA83-R83)^2+(AA84-R84)^2);=SQRT((AB83-R83)^2+(AB84-R84)^2);=SQRT((AC83-R83)^2+(AC84-R84)^2);=SQRT((AD83-R83)^2+(AD84-R84)^2);=SQRT((AE83-R83)^2+(AE84-R84)^2);=SQRT((AF83-R83)^2+(AF84-R84)^2);=SQRT((AG83-R83)^2+(AG84-R84)^2);=SQRT((AH83-R83)^2+(AH84-R84)^2);=SQRT((AI83-R83)^2+(AI84-R84)^2);=SQRT((AJ83-R83)^2+(AJ84-R84)^2);=SQRT((AK83-R83)^2+(AK84-R84)^2);=SQRT((AL83-R83)^2+(AL84-R84)^2);=SQRT((AM83-R83)^2+(AM84-R84)^2);=SQRT((AN83-R83)^2+(AN84-R84)^2);=SQRT((AO83-R83)^2+(AO84-R84)^2);=SQRT((AP83-R83)^2+(AP84-R84)^2);=SQRT((AQ83-R83)^2+(AQ84-R84)^2);=SQRT((AR83-R83)^2+(AR84-R84)^2);=SQRT((AS83-R83)^2+(AS84-R84)^2);=SQRT((AT83-R83)^2+(AT84-R84)^2);=SQRT((AU83-R83)^2+(AU84-R84)^2);=SQRT((AV83-R83)^2+(AV84-R84)^2);=SQRT((AW83-R83)^2+(AW84-R84)^2);=SQRT((AX83-R83)^2+(AX84-R84)^2);=SQRT((AY83-R83)^2+(AY84-R84)^2);=SQRT((AZ83-R83)^2+(AZ84-R84)^2);=SQRT((BA83-R83)^2+(BA84-R84)^2);=SQRT((BB83-R83)^2+(BB84-R84)^2);=SQRT((BC83-R83)^2+(BC84-R84)^2);=SQRT((BD83-R83)^2+(BD84-R84)^2);=SQRT((BE83-R83)^2+(BE84-R84)^2);=SQRT((BF83-R83)^2+(BF84-R84)^2);=SQRT((BG83-R83)^2+(BG84-R84)^2);=SQRT((BH83-R83)^2+(BH84-R84)^2);=SQRT((BI83-R83)^2+(BI84-R84)^2)
g6;0;0;0;0;0;0;0;0;0;0;0;0;0;0;0;0;0;=SQRT((S83-S83)^2+(S84-S84)^2);=SQRT((T83-S83)^2+(T84-S84)^2);=SQRT((U83-S83)^2+(U84-S84)^2);=SQRT((V83-S83)^2+(V84-S84)^2);=SQRT((W83-S83)^2+(W84-S84)^2);=SQRT((X83-S83)^2+(X84-S84)^2);=SQRT((Y83-S83)^2+(Y84-S84)^2);=SQRT((Z83-S83)^2+(Z84-S84)^2);=SQRT((AA83-S83)^2+(AA84-S84)^2);=SQRT((AB83-S83)^2+(AB84-S84)^2);=SQRT((AC83-S83)^2+(AC84-S84)^2);=SQRT((AD83-S83)^2+(AD84-S84)^2);=SQRT((AE83-S83)^2+(AE84-S84)^2);=SQRT((AF83-S83)^2+(AF84-S84)^2);=SQRT((AG83-S83)^2+(AG84-S84)^2);=SQRT((AH83-S83)^2+(AH84-S84)^2);=SQRT((AI83-S83)^2+(AI84-S84)^2);=SQRT((AJ83-S83)^2+(AJ84-S84)^2);=SQRT((AK83-S83)^2+(AK84-S84)^2);=SQRT((AL83-S83)^2+(AL84-S84)^2);=SQRT((AM83-S83)^2+(AM84-S84)^2);=SQRT((AN83-S83)^2+(AN84-S84)^2);=SQRT((AO83-S83)^2+(AO84-S84)^2);=SQRT((AP83-S83)^2+(AP84-S84)^2);=SQRT((AQ83-S83)^2+(AQ84-S84)^2);=SQRT((AR83-S83)^2+(AR84-S84)^2);=SQRT((AS83-S83)^2+(AS84-S84)^2);=SQRT((AT83-S83)^2+(AT84-S84)^2);=SQRT((AU83-S83)^2+(AU84-S84)^2);=SQRT((AV83-S83)^2+(AV84-S84)^2);=SQRT((AW83-S83)^2+(AW84-S84)^2);=SQRT((AX83-S83)^2+(AX84-S84)^2);=SQRT((AY83-S83)^2+(AY84-S84)^2);=SQRT((AZ83-S83)^2+(AZ84-S84)^2);=SQRT((BA83-S83)^2+(BA84-S84)^2);=SQRT((BB83-S83)^2+(BB84-S84)^2);=SQRT((BC83-S83)^2+(BC84-S84)^2);=SQRT((BD83-S83)^2+(BD84-S84)^2);=SQRT((BE83-S83)^2+(BE84-S84)^2);=SQRT((BF83-S83)^2+(BF84-S84)^2);=SQRT((BG83-S83)^2+(BG84-S84)^2);=SQRT((BH83-S83)^2+(BH84-S84)^2);=SQRT((BI83-S83)^2+(BI84-S84)^2)
g7;0;0;0;0;0;0;0;0;0;0;0;0;0;0;0;0;0;0;=SQRT((T83-T83)^2+(T84-T84)^2);=SQRT((U83-T83)^2+(U84-T84)^2);=SQRT((V83-T83)^2+(V84-T84)^2);=SQRT((W83-T83)^2+(W84-T84)^2);=SQRT((X83-T83)^2+(X84-T84)^2);=SQRT((Y83-T83)^2+(Y84-T84)^2);=SQRT((Z83-T83)^2+(Z84-T84)^2);=SQRT((AA83-T83)^2+(AA84-T84)^2);=SQRT((AB83-T83)^2+(AB84-T84)^2);=SQRT((AC83-T83)^2+(AC84-T84)^2);=SQRT((AD83-T83)^2+(AD84-T84)^2);=SQRT((AE83-T83)^2+(AE84-T84)^2);=SQRT((AF83-T83)^2+(AF84-T84)^2);=SQRT((AG83-T83)^2+(AG84-T84)^2);=SQRT((AH83-T83)^2+(AH84-T84)^2);=SQRT((AI83-T83)^2+(AI84-T84)^2);=SQRT((AJ83-T83)^2+(AJ84-T84)^2);=SQRT((AK83-T83)^2+(AK84-T84)^2);=SQRT((AL83-T83)^2+(AL84-T84)^2);=SQRT((AM83-T83)^2+(AM84-T84)^2);=SQRT((AN83-T83)^2+(AN84-T84)^2);=SQRT((AO83-T83)^2+(AO84-T84)^2);=SQRT((AP83-T83)^2+(AP84-T84)^2);=SQRT((AQ83-T83)^2+(AQ84-T84)^2);=SQRT((AR83-T83)^2+(AR84-T84)^2);=SQRT((AS83-T83)^2+(AS84-T84)^2);=SQRT((AT83-T83)^2+(AT84-T84)^2);=SQRT((AU83-T83)^2+(AU84-T84)^2);=SQRT((AV83-T83)^2+(AV84-T84)^2);=SQRT((AW83-T83)^2+(AW84-T84)^2);=SQRT((AX83-T83)^2+(AX84-T84)^2);=SQRT((AY83-T83)^2+(AY84-T84)^2);=SQRT((AZ83-T83)^2+(AZ84-T84)^2);=SQRT((BA83-T83)^2+(BA84-T84)^2);=SQRT((BB83-T83)^2+(BB84-T84)^2);=SQRT((BC83-T83)^2+(BC84-T84)^2);=SQRT((BD83-T83)^2+(BD84-T84)^2);=SQRT((BE83-T83)^2+(BE84-T84)^2);=SQRT((BF83-T83)^2+(BF84-T84)^2);=SQRT((BG83-T83)^2+(BG84-T84)^2);=SQRT((BH83-T83)^2+(BH84-T84)^2);=SQRT((BI83-T83)^2+(BI84-T84)^2)
g8;0;0;0;0;0;0;0;0;0;0;0;0;0;0;0;0;0;0;0;=SQRT((U83-U83)^2+(U84-U84)^2);=SQRT((V83-U83)^2+(V84-U84)^2);=SQRT((W83-U83)^2+(W84-U84)^2);=SQRT((X83-U83)^2+(X84-U84)^2);=SQRT((Y83-U83)^2+(Y84-U84)^2);=SQRT((Z83-U83)^2+(Z84-U84)^2);=SQRT((AA83-U83)^2+(AA84-U84)^2);=SQRT((AB83-U83)^2+(AB84-U84)^2);=SQRT((AC83-U83)^2+(AC84-U84)^2);=SQRT((AD83-U83)^2+(AD84-U84)^2);=SQRT((AE83-U83)^2+(AE84-U84)^2);=SQRT((AF83-U83)^2+(AF84-U84)^2);=SQRT((AG83-U83)^2+(AG84-U84)^2);=SQRT((AH83-U83)^2+(AH84-U84)^2);=SQRT((AI83-U83)^2+(AI84-U84)^2);=SQRT((AJ83-U83)^2+(AJ84-U84)^2);=SQRT((AK83-U83)^2+(AK84-U84)^2);=SQRT((AL83-U83)^2+(AL84-U84)^2);=SQRT((AM83-U83)^2+(AM84-U84)^2);=SQRT((AN83-U83)^2+(AN84-U84)^2);=SQRT((AO83-U83)^2+(AO84-U84)^2);=SQRT((AP83-U83)^2+(AP84-U84)^2);=SQRT((AQ83-U83)^2+(AQ84-U84)^2);=SQRT((AR83-U83)^2+(AR84-U84)^2);=SQRT((AS83-U83)^2+(AS84-U84)^2);=SQRT((AT83-U83)^2+(AT84-U84)^2);=SQRT((AU83-U83)^2+(AU84-U84)^2);=SQRT((AV83-U83)^2+(AV84-U84)^2);=SQRT((AW83-U83)^2+(AW84-U84)^2);=SQRT((AX83-U83)^2+(AX84-U84)^2);=SQRT((AY83-U83)^2+(AY84-U84)^2);=SQRT((AZ83-U83)^2+(AZ84-U84)^2);=SQRT((BA83-U83)^2+(BA84-U84)^2);=SQRT((BB83-U83)^2+(BB84-U84)^2);=SQRT((BC83-U83)^2+(BC84-U84)^2);=SQRT((BD83-U83)^2+(BD84-U84)^2);=SQRT((BE83-U83)^2+(BE84-U84)^2);=SQRT((BF83-U83)^2+(BF84-U84)^2);=SQRT((BG83-U83)^2+(BG84-U84)^2);=SQRT((BH83-U83)^2+(BH84-U84)^2);=SQRT((BI83-U83)^2+(BI84-U84)^2)
g9;0;0;0;0;0;0;0;0;0;0;0;0;0;0;0;0;0;0;0;0;=SQRT((V83-V83)^2+(V84-V84)^2);=SQRT((W83-V83)^2+(W84-V84)^2);=SQRT((X83-V83)^2+(X84-V84)^2);=SQRT((Y83-V83)^2+(Y84-V84)^2);=SQRT((Z83-V83)^2+(Z84-V84)^2);=SQRT((AA83-V83)^2+(AA84-V84)^2);=SQRT((AB83-V83)^2+(AB84-V84)^2);=SQRT((AC83-V83)^2+(AC84-V84)^2);=SQRT((AD83-V83)^2+(AD84-V84)^2);=SQRT((AE83-V83)^2+(AE84-V84)^2);=SQRT((AF83-V83)^2+(AF84-V84)^2);=SQRT((AG83-V83)^2+(AG84-V84)^2);=SQRT((AH83-V83)^2+(AH84-V84)^2);=SQRT((AI83-V83)^2+(AI84-V84)^2);=SQRT((AJ83-V83)^2+(AJ84-V84)^2);=SQRT((AK83-V83)^2+(AK84-V84)^2);=SQRT((AL83-V83)^2+(AL84-V84)^2);=SQRT((AM83-V83)^2+(AM84-V84)^2);=SQRT((AN83-V83)^2+(AN84-V84)^2);=SQRT((AO83-V83)^2+(AO84-V84)^2);=SQRT((AP83-V83)^2+(AP84-V84)^2);=SQRT((AQ83-V83)^2+(AQ84-V84)^2);=SQRT((AR83-V83)^2+(AR84-V84)^2);=SQRT((AS83-V83)^2+(AS84-V84)^2);=SQRT((AT83-V83)^2+(AT84-V84)^2);=SQRT((AU83-V83)^2+(AU84-V84)^2);=SQRT((AV83-V83)^2+(AV84-V84)^2);=SQRT((AW83-V83)^2+(AW84-V84)^2);=SQRT((AX83-V83)^2+(AX84-V84)^2);=SQRT((AY83-V83)^2+(AY84-V84)^2);=SQRT((AZ83-V83)^2+(AZ84-V84)^2);=SQRT((BA83-V83)^2+(BA84-V84)^2);=SQRT((BB83-V83)^2+(BB84-V84)^2);=SQRT((BC83-V83)^2+(BC84-V84)^2);=SQRT((BD83-V83)^2+(BD84-V84)^2);=SQRT((BE83-V83)^2+(BE84-V84)^2);=SQRT((BF83-V83)^2+(BF84-V84)^2);=SQRT((BG83-V83)^2+(BG84-V84)^2);=SQRT((BH83-V83)^2+(BH84-V84)^2);=SQRT((BI83-V83)^2+(BI84-V84)^2)
g10;0;0;0;0;0;0;0;0;0;0;0;0;0;0;0;0;0;0;0;0;0;=SQRT((W83-W83)^2+(W84-W84)^2);=SQRT((X83-W83)^2+(X84-W84)^2);=SQRT((Y83-W83)^2+(Y84-W84)^2);=SQRT((Z83-W83)^2+(Z84-W84)^2);=SQRT((AA83-W83)^2+(AA84-W84)^2);=SQRT((AB83-W83)^2+(AB84-W84)^2);=SQRT((AC83-W83)^2+(AC84-W84)^2);=SQRT((AD83-W83)^2+(AD84-W84)^2);=SQRT((AE83-W83)^2+(AE84-W84)^2);=SQRT((AF83-W83)^2+(AF84-W84)^2);=SQRT((AG83-W83)^2+(AG84-W84)^2);=SQRT((AH83-W83)^2+(AH84-W84)^2);=SQRT((AI83-W83)^2+(AI84-W84)^2);=SQRT((AJ83-W83)^2+(AJ84-W84)^2);=SQRT((AK83-W83)^2+(AK84-W84)^2);=SQRT((AL83-W83)^2+(AL84-W84)^2);=SQRT((AM83-W83)^2+(AM84-W84)^2);=SQRT((AN83-W83)^2+(AN84-W84)^2);=SQRT((AO83-W83)^2+(AO84-W84)^2);=SQRT((AP83-W83)^2+(AP84-W84)^2);=SQRT((AQ83-W83)^2+(AQ84-W84)^2);=SQRT((AR83-W83)^2+(AR84-W84)^2);=SQRT((AS83-W83)^2+(AS84-W84)^2);=SQRT((AT83-W83)^2+(AT84-W84)^2);=SQRT((AU83-W83)^2+(AU84-W84)^2);=SQRT((AV83-W83)^2+(AV84-W84)^2);=SQRT((AW83-W83)^2+(AW84-W84)^2);=SQRT((AX83-W83)^2+(AX84-W84)^2);=SQRT((AY83-W83)^2+(AY84-W84)^2);=SQRT((AZ83-W83)^2+(AZ84-W84)^2);=SQRT((BA83-W83)^2+(BA84-W84)^2);=SQRT((BB83-W83)^2+(BB84-W84)^2);=SQRT((BC83-W83)^2+(BC84-W84)^2);=SQRT((BD83-W83)^2+(BD84-W84)^2);=SQRT((BE83-W83)^2+(BE84-W84)^2);=SQRT((BF83-W83)^2+(BF84-W84)^2);=SQRT((BG83-W83)^2+(BG84-W84)^2);=SQRT((BH83-W83)^2+(BH84-W84)^2);=SQRT((BI83-W83)^2+(BI84-W84)^2)
g11;0;0;0;0;0;0;0;0;0;0;0;0;0;0;0;0;0;0;0;0;0;0;=SQRT((X83-X83)^2+(X84-X84)^2);=SQRT((Y83-X83)^2+(Y84-X84)^2);=SQRT((Z83-X83)^2+(Z84-X84)^2);=SQRT((AA83-X83)^2+(AA84-X84)^2);=SQRT((AB83-X83)^2+(AB84-X84)^2);=SQRT((AC83-X83)^2+(AC84-X84)^2);=SQRT((AD83-X83)^2+(AD84-X84)^2);=SQRT((AE83-X83)^2+(AE84-X84)^2);=SQRT((AF83-X83)^2+(AF84-X84)^2);=SQRT((AG83-X83)^2+(AG84-X84)^2);=SQRT((AH83-X83)^2+(AH84-X84)^2);=SQRT((AI83-X83)^2+(AI84-X84)^2);=SQRT((AJ83-X83)^2+(AJ84-X84)^2);=SQRT((AK83-X83)^2+(AK84-X84)^2);=SQRT((AL83-X83)^2+(AL84-X84)^2);=SQRT((AM83-X83)^2+(AM84-X84)^2);=SQRT((AN83-X83)^2+(AN84-X84)^2);=SQRT((AO83-X83)^2+(AO84-X84)^2);=SQRT((AP83-X83)^2+(AP84-X84)^2);=SQRT((AQ83-X83)^2+(AQ84-X84)^2);=SQRT((AR83-X83)^2+(AR84-X84)^2);=SQRT((AS83-X83)^2+(AS84-X84)^2);=SQRT((AT83-X83)^2+(AT84-X84)^2);=SQRT((AU83-X83)^2+(AU84-X84)^2);=SQRT((AV83-X83)^2+(AV84-X84)^2);=SQRT((AW83-X83)^2+(AW84-X84)^2);=SQRT((AX83-X83)^2+(AX84-X84)^2);=SQRT((AY83-X83)^2+(AY84-X84)^2);=SQRT((AZ83-X83)^2+(AZ84-X84)^2);=SQRT((BA83-X83)^2+(BA84-X84)^2);=SQRT((BB83-X83)^2+(BB84-X84)^2);=SQRT((BC83-X83)^2+(BC84-X84)^2);=SQRT((BD83-X83)^2+(BD84-X84)^2);=SQRT((BE83-X83)^2+(BE84-X84)^2);=SQRT((BF83-X83)^2+(BF84-X84)^2);=SQRT((BG83-X83)^2+(BG84-X84)^2);=SQRT((BH83-X83)^2+(BH84-X84)^2);=SQRT((BI83-X83)^2+(BI84-X84)^2)
g12;0;0;0;0;0;0;0;0;0;0;0;0;0;0;0;0;0;0;0;0;0;0;0;=SQRT((Y83-Y83)^2+(Y84-Y84)^2);=SQRT((Z83-Y83)^2+(Z84-Y84)^2);=SQRT((AA83-Y83)^2+(AA84-Y84)^2);=SQRT((AB83-Y83)^2+(AB84-Y84)^2);=SQRT((AC83-Y83)^2+(AC84-Y84)^2);=SQRT((AD83-Y83)^2+(AD84-Y84)^2);=SQRT((AE83-Y83)^2+(AE84-Y84)^2);=SQRT((AF83-Y83)^2+(AF84-Y84)^2);=SQRT((AG83-Y83)^2+(AG84-Y84)^2);=SQRT((AH83-Y83)^2+(AH84-Y84)^2);=SQRT((AI83-Y83)^2+(AI84-Y84)^2);=SQRT((AJ83-Y83)^2+(AJ84-Y84)^2);=SQRT((AK83-Y83)^2+(AK84-Y84)^2);=SQRT((AL83-Y83)^2+(AL84-Y84)^2);=SQRT((AM83-Y83)^2+(AM84-Y84)^2);=SQRT((AN83-Y83)^2+(AN84-Y84)^2);=SQRT((AO83-Y83)^2+(AO84-Y84)^2);=SQRT((AP83-Y83)^2+(AP84-Y84)^2);=SQRT((AQ83-Y83)^2+(AQ84-Y84)^2);=SQRT((AR83-Y83)^2+(AR84-Y84)^2);=SQRT((AS83-Y83)^2+(AS84-Y84)^2);=SQRT((AT83-Y83)^2+(AT84-Y84)^2);=SQRT((AU83-Y83)^2+(AU84-Y84)^2);=SQRT((AV83-Y83)^2+(AV84-Y84)^2);=SQRT((AW83-Y83)^2+(AW84-Y84)^2);=SQRT((AX83-Y83)^2+(AX84-Y84)^2);=SQRT((AY83-Y83)^2+(AY84-Y84)^2);=SQRT((AZ83-Y83)^2+(AZ84-Y84)^2);=SQRT((BA83-Y83)^2+(BA84-Y84)^2);=SQRT((BB83-Y83)^2+(BB84-Y84)^2);=SQRT((BC83-Y83)^2+(BC84-Y84)^2);=SQRT((BD83-Y83)^2+(BD84-Y84)^2);=SQRT((BE83-Y83)^2+(BE84-Y84)^2);=SQRT((BF83-Y83)^2+(BF84-Y84)^2);=SQRT((BG83-Y83)^2+(BG84-Y84)^2);=SQRT((BH83-Y83)^2+(BH84-Y84)^2);=SQRT((BI83-Y83)^2+(BI84-Y84)^2)
a1;0;0;0;0;0;0;0;0;0;0;0;0;0;0;0;0;0;0;0;0;0;0;0;0;=SQRT((Z83-Z83)^2+(Z84-Z84)^2);=SQRT((AA83-Z83)^2+(AA84-Z84)^2);=SQRT((AB83-Z83)^2+(AB84-Z84)^2);=SQRT((AC83-Z83)^2+(AC84-Z84)^2);=SQRT((AD83-Z83)^2+(AD84-Z84)^2);=SQRT((AE83-Z83)^2+(AE84-Z84)^2);=SQRT((AF83-Z83)^2+(AF84-Z84)^2);=SQRT((AG83-Z83)^2+(AG84-Z84)^2);=SQRT((AH83-Z83)^2+(AH84-Z84)^2);=SQRT((AI83-Z83)^2+(AI84-Z84)^2);=SQRT((AJ83-Z83)^2+(AJ84-Z84)^2);=SQRT((AK83-Z83)^2+(AK84-Z84)^2);=SQRT((AL83-Z83)^2+(AL84-Z84)^2);=SQRT((AM83-Z83)^2+(AM84-Z84)^2);=SQRT((AN83-Z83)^2+(AN84-Z84)^2);=SQRT((AO83-Z83)^2+(AO84-Z84)^2);=SQRT((AP83-Z83)^2+(AP84-Z84)^2);=SQRT((AQ83-Z83)^2+(AQ84-Z84)^2);=SQRT((AR83-Z83)^2+(AR84-Z84)^2);=SQRT((AS83-Z83)^2+(AS84-Z84)^2);=SQRT((AT83-Z83)^2+(AT84-Z84)^2);=SQRT((AU83-Z83)^2+(AU84-Z84)^2);=SQRT((AV83-Z83)^2+(AV84-Z84)^2);=SQRT((AW83-Z83)^2+(AW84-Z84)^2);=SQRT((AX83-Z83)^2+(AX84-Z84)^2);=SQRT((AY83-Z83)^2+(AY84-Z84)^2);=SQRT((AZ83-Z83)^2+(AZ84-Z84)^2);=SQRT((BA83-Z83)^2+(BA84-Z84)^2);=SQRT((BB83-Z83)^2+(BB84-Z84)^2);=SQRT((BC83-Z83)^2+(BC84-Z84)^2);=SQRT((BD83-Z83)^2+(BD84-Z84)^2);=SQRT((BE83-Z83)^2+(BE84-Z84)^2);=SQRT((BF83-Z83)^2+(BF84-Z84)^2);=SQRT((BG83-Z83)^2+(BG84-Z84)^2);=SQRT((BH83-Z83)^2+(BH84-Z84)^2);=SQRT((BI83-Z83)^2+(BI84-Z84)^2)
a2;0;0;0;0;0;0;0;0;0;0;0;0;0;0;0;0;0;0;0;0;0;0;0;0;0;=SQRT((AA83-AA83)^2+(AA84-AA84)^2);=SQRT((AB83-AA83)^2+(AB84-AA84)^2);=SQRT((AC83-AA83)^2+(AC84-AA84)^2);=SQRT((AD83-AA83)^2+(AD84-AA84)^2);=SQRT((AE83-AA83)^2+(AE84-AA84)^2);=SQRT((AF83-AA83)^2+(AF84-AA84)^2);=SQRT((AG83-AA83)^2+(AG84-AA84)^2);=SQRT((AH83-AA83)^2+(AH84-AA84)^2);=SQRT((AI83-AA83)^2+(AI84-AA84)^2);=SQRT((AJ83-AA83)^2+(AJ84-AA84)^2);=SQRT((AK83-AA83)^2+(AK84-AA84)^2);=SQRT((AL83-AA83)^2+(AL84-AA84)^2);=SQRT((AM83-AA83)^2+(AM84-AA84)^2);=SQRT((AN83-AA83)^2+(AN84-AA84)^2);=SQRT((AO83-AA83)^2+(AO84-AA84)^2);=SQRT((AP83-AA83)^2+(AP84-AA84)^2);=SQRT((AQ83-AA83)^2+(AQ84-AA84)^2);=SQRT((AR83-AA83)^2+(AR84-AA84)^2);=SQRT((AS83-AA83)^2+(AS84-AA84)^2);=SQRT((AT83-AA83)^2+(AT84-AA84)^2);=SQRT((AU83-AA83)^2+(AU84-AA84)^2);=SQRT((AV83-AA83)^2+(AV84-AA84)^2);=SQRT((AW83-AA83)^2+(AW84-AA84)^2);=SQRT((AX83-AA83)^2+(AX84-AA84)^2);=SQRT((AY83-AA83)^2+(AY84-AA84)^2);=SQRT((AZ83-AA83)^2+(AZ84-AA84)^2);=SQRT((BA83-AA83)^2+(BA84-AA84)^2);=SQRT((BB83-AA83)^2+(BB84-AA84)^2);=SQRT((BC83-AA83)^2+(BC84-AA84)^2);=SQRT((BD83-AA83)^2+(BD84-AA84)^2);=SQRT((BE83-AA83)^2+(BE84-AA84)^2);=SQRT((BF83-AA83)^2+(BF84-AA84)^2);=SQRT((BG83-AA83)^2+(BG84-AA84)^2);=SQRT((BH83-AA83)^2+(BH84-AA84)^2);=SQRT((BI83-AA83)^2+(BI84-AA84)^2)
a3;0;0;0;0;0;0;0;0;0;0;0;0;0;0;0;0;0;0;0;0;0;0;0;0;0;0;=SQRT((AB83-AB83)^2+(AB84-AB84)^2);=SQRT((AC83-AB83)^2+(AC84-AB84)^2);=SQRT((AD83-AB83)^2+(AD84-AB84)^2);=SQRT((AE83-AB83)^2+(AE84-AB84)^2);=SQRT((AF83-AB83)^2+(AF84-AB84)^2);=SQRT((AG83-AB83)^2+(AG84-AB84)^2);=SQRT((AH83-AB83)^2+(AH84-AB84)^2);=SQRT((AI83-AB83)^2+(AI84-AB84)^2);=SQRT((AJ83-AB83)^2+(AJ84-AB84)^2);=SQRT((AK83-AB83)^2+(AK84-AB84)^2);=SQRT((AL83-AB83)^2+(AL84-AB84)^2);=SQRT((AM83-AB83)^2+(AM84-AB84)^2);=SQRT((AN83-AB83)^2+(AN84-AB84)^2);=SQRT((AO83-AB83)^2+(AO84-AB84)^2);=SQRT((AP83-AB83)^2+(AP84-AB84)^2);=SQRT((AQ83-AB83)^2+(AQ84-AB84)^2);=SQRT((AR83-AB83)^2+(AR84-AB84)^2);=SQRT((AS83-AB83)^2+(AS84-AB84)^2);=SQRT((AT83-AB83)^2+(AT84-AB84)^2);=SQRT((AU83-AB83)^2+(AU84-AB84)^2);=SQRT((AV83-AB83)^2+(AV84-AB84)^2);=SQRT((AW83-AB83)^2+(AW84-AB84)^2);=SQRT((AX83-AB83)^2+(AX84-AB84)^2);=SQRT((AY83-AB83)^2+(AY84-AB84)^2);=SQRT((AZ83-AB83)^2+(AZ84-AB84)^2);=SQRT((BA83-AB83)^2+(BA84-AB84)^2);=SQRT((BB83-AB83)^2+(BB84-AB84)^2);=SQRT((BC83-AB83)^2+(BC84-AB84)^2);=SQRT((BD83-AB83)^2+(BD84-AB84)^2);=SQRT((BE83-AB83)^2+(BE84-AB84)^2);=SQRT((BF83-AB83)^2+(BF84-AB84)^2);=SQRT((BG83-AB83)^2+(BG84-AB84)^2);=SQRT((BH83-AB83)^2+(BH84-AB84)^2);=SQRT((BI83-AB83)^2+(BI84-AB84)^2)
a4;0;0;0;0;0;0;0;0;0;0;0;0;0;0;0;0;0;0;0;0;0;0;0;0;0;0;0;=SQRT((AC83-AC83)^2+(AC84-AC84)^2);=SQRT((AD83-AC83)^2+(AD84-AC84)^2);=SQRT((AE83-AC83)^2+(AE84-AC84)^2);=SQRT((AF83-AC83)^2+(AF84-AC84)^2);=SQRT((AG83-AC83)^2+(AG84-AC84)^2);=SQRT((AH83-AC83)^2+(AH84-AC84)^2);=SQRT((AI83-AC83)^2+(AI84-AC84)^2);=SQRT((AJ83-AC83)^2+(AJ84-AC84)^2);=SQRT((AK83-AC83)^2+(AK84-AC84)^2);=SQRT((AL83-AC83)^2+(AL84-AC84)^2);=SQRT((AM83-AC83)^2+(AM84-AC84)^2);=SQRT((AN83-AC83)^2+(AN84-AC84)^2);=SQRT((AO83-AC83)^2+(AO84-AC84)^2);=SQRT((AP83-AC83)^2+(AP84-AC84)^2);=SQRT((AQ83-AC83)^2+(AQ84-AC84)^2);=SQRT((AR83-AC83)^2+(AR84-AC84)^2);=SQRT((AS83-AC83)^2+(AS84-AC84)^2);=SQRT((AT83-AC83)^2+(AT84-AC84)^2);=SQRT((AU83-AC83)^2+(AU84-AC84)^2);=SQRT((AV83-AC83)^2+(AV84-AC84)^2);=SQRT((AW83-AC83)^2+(AW84-AC84)^2);=SQRT((AX83-AC83)^2+(AX84-AC84)^2);=SQRT((AY83-AC83)^2+(AY84-AC84)^2);=SQRT((AZ83-AC83)^2+(AZ84-AC84)^2);=SQRT((BA83-AC83)^2+(BA84-AC84)^2);=SQRT((BB83-AC83)^2+(BB84-AC84)^2);=SQRT((BC83-AC83)^2+(BC84-AC84)^2);=SQRT((BD83-AC83)^2+(BD84-AC84)^2);=SQRT((BE83-AC83)^2+(BE84-AC84)^2);=SQRT((BF83-AC83)^2+(BF84-AC84)^2);=SQRT((BG83-AC83)^2+(BG84-AC84)^2);=SQRT((BH83-AC83)^2+(BH84-AC84)^2);=SQRT((BI83-AC83)^2+(BI84-AC84)^2)
a5;0;0;0;0;0;0;0;0;0;0;0;0;0;0;0;0;0;0;0;0;0;0;0;0;0;0;0;0;=SQRT((AD83-AD83)^2+(AD84-AD84)^2);=SQRT((AE83-AD83)^2+(AE84-AD84)^2);=SQRT((AF83-AD83)^2+(AF84-AD84)^2);=SQRT((AG83-AD83)^2+(AG84-AD84)^2);=SQRT((AH83-AD83)^2+(AH84-AD84)^2);=SQRT((AI83-AD83)^2+(AI84-AD84)^2);=SQRT((AJ83-AD83)^2+(AJ84-AD84)^2);=SQRT((AK83-AD83)^2+(AK84-AD84)^2);=SQRT((AL83-AD83)^2+(AL84-AD84)^2);=SQRT((AM83-AD83)^2+(AM84-AD84)^2);=SQRT((AN83-AD83)^2+(AN84-AD84)^2);=SQRT((AO83-AD83)^2+(AO84-AD84)^2);=SQRT((AP83-AD83)^2+(AP84-AD84)^2);=SQRT((AQ83-AD83)^2+(AQ84-AD84)^2);=SQRT((AR83-AD83)^2+(AR84-AD84)^2);=SQRT((AS83-AD83)^2+(AS84-AD84)^2);=SQRT((AT83-AD83)^2+(AT84-AD84)^2);=SQRT((AU83-AD83)^2+(AU84-AD84)^2);=SQRT((AV83-AD83)^2+(AV84-AD84)^2);=SQRT((AW83-AD83)^2+(AW84-AD84)^2);=SQRT((AX83-AD83)^2+(AX84-AD84)^2);=SQRT((AY83-AD83)^2+(AY84-AD84)^2);=SQRT((AZ83-AD83)^2+(AZ84-AD84)^2);=SQRT((BA83-AD83)^2+(BA84-AD84)^2);=SQRT((BB83-AD83)^2+(BB84-AD84)^2);=SQRT((BC83-AD83)^2+(BC84-AD84)^2);=SQRT((BD83-AD83)^2+(BD84-AD84)^2);=SQRT((BE83-AD83)^2+(BE84-AD84)^2);=SQRT((BF83-AD83)^2+(BF84-AD84)^2);=SQRT((BG83-AD83)^2+(BG84-AD84)^2);=SQRT((BH83-AD83)^2+(BH84-AD84)^2);=SQRT((BI83-AD83)^2+(BI84-AD84)^2)
a6;0;0;0;0;0;0;0;0;0;0;0;0;0;0;0;0;0;0;0;0;0;0;0;0;0;0;0;0;0;=SQRT((AE83-AE83)^2+(AE84-AE84)^2);=SQRT((AF83-AE83)^2+(AF84-AE84)^2);=SQRT((AG83-AE83)^2+(AG84-AE84)^2);=SQRT((AH83-AE83)^2+(AH84-AE84)^2);=SQRT((AI83-AE83)^2+(AI84-AE84)^2);=SQRT((AJ83-AE83)^2+(AJ84-AE84)^2);=SQRT((AK83-AE83)^2+(AK84-AE84)^2);=SQRT((AL83-AE83)^2+(AL84-AE84)^2);=SQRT((AM83-AE83)^2+(AM84-AE84)^2);=SQRT((AN83-AE83)^2+(AN84-AE84)^2);=SQRT((AO83-AE83)^2+(AO84-AE84)^2);=SQRT((AP83-AE83)^2+(AP84-AE84)^2);=SQRT((AQ83-AE83)^2+(AQ84-AE84)^2);=SQRT((AR83-AE83)^2+(AR84-AE84)^2);=SQRT((AS83-AE83)^2+(AS84-AE84)^2);=SQRT((AT83-AE83)^2+(AT84-AE84)^2);=SQRT((AU83-AE83)^2+(AU84-AE84)^2);=SQRT((AV83-AE83)^2+(AV84-AE84)^2);=SQRT((AW83-AE83)^2+(AW84-AE84)^2);=SQRT((AX83-AE83)^2+(AX84-AE84)^2);=SQRT((AY83-AE83)^2+(AY84-AE84)^2);=SQRT((AZ83-AE83)^2+(AZ84-AE84)^2);=SQRT((BA83-AE83)^2+(BA84-AE84)^2);=SQRT((BB83-AE83)^2+(BB84-AE84)^2);=SQRT((BC83-AE83)^2+(BC84-AE84)^2);=SQRT((BD83-AE83)^2+(BD84-AE84)^2);=SQRT((BE83-AE83)^2+(BE84-AE84)^2);=SQRT((BF83-AE83)^2+(BF84-AE84)^2);=SQRT((BG83-AE83)^2+(BG84-AE84)^2);=SQRT((BH83-AE83)^2+(BH84-AE84)^2);=SQRT((BI83-AE83)^2+(BI84-AE84)^2)
a7;0;0;0;0;0;0;0;0;0;0;0;0;0;0;0;0;0;0;0;0;0;0;0;0;0;0;0;0;0;0;=SQRT((AF83-AF83)^2+(AF84-AF84)^2);=SQRT((AG83-AF83)^2+(AG84-AF84)^2);=SQRT((AH83-AF83)^2+(AH84-AF84)^2);=SQRT((AI83-AF83)^2+(AI84-AF84)^2);=SQRT((AJ83-AF83)^2+(AJ84-AF84)^2);=SQRT((AK83-AF83)^2+(AK84-AF84)^2);=SQRT((AL83-AF83)^2+(AL84-AF84)^2);=SQRT((AM83-AF83)^2+(AM84-AF84)^2);=SQRT((AN83-AF83)^2+(AN84-AF84)^2);=SQRT((AO83-AF83)^2+(AO84-AF84)^2);=SQRT((AP83-AF83)^2+(AP84-AF84)^2);=SQRT((AQ83-AF83)^2+(AQ84-AF84)^2);=SQRT((AR83-AF83)^2+(AR84-AF84)^2);=SQRT((AS83-AF83)^2+(AS84-AF84)^2);=SQRT((AT83-AF83)^2+(AT84-AF84)^2);=SQRT((AU83-AF83)^2+(AU84-AF84)^2);=SQRT((AV83-AF83)^2+(AV84-AF84)^2);=SQRT((AW83-AF83)^2+(AW84-AF84)^2);=SQRT((AX83-AF83)^2+(AX84-AF84)^2);=SQRT((AY83-AF83)^2+(AY84-AF84)^2);=SQRT((AZ83-AF83)^2+(AZ84-AF84)^2);=SQRT((BA83-AF83)^2+(BA84-AF84)^2);=SQRT((BB83-AF83)^2+(BB84-AF84)^2);=SQRT((BC83-AF83)^2+(BC84-AF84)^2);=SQRT((BD83-AF83)^2+(BD84-AF84)^2);=SQRT((BE83-AF83)^2+(BE84-AF84)^2);=SQRT((BF83-AF83)^2+(BF84-AF84)^2);=SQRT((BG83-AF83)^2+(BG84-AF84)^2);=SQRT((BH83-AF83)^2+(BH84-AF84)^2);=SQRT((BI83-AF83)^2+(BI84-AF84)^2)
a8;0;0;0;0;0;0;0;0;0;0;0;0;0;0;0;0;0;0;0;0;0;0;0;0;0;0;0;0;0;0;0;=SQRT((AG83-AG83)^2+(AG84-AG84)^2);=SQRT((AH83-AG83)^2+(AH84-AG84)^2);=SQRT((AI83-AG83)^2+(AI84-AG84)^2);=SQRT((AJ83-AG83)^2+(AJ84-AG84)^2);=SQRT((AK83-AG83)^2+(AK84-AG84)^2);=SQRT((AL83-AG83)^2+(AL84-AG84)^2);=SQRT((AM83-AG83)^2+(AM84-AG84)^2);=SQRT((AN83-AG83)^2+(AN84-AG84)^2);=SQRT((AO83-AG83)^2+(AO84-AG84)^2);=SQRT((AP83-AG83)^2+(AP84-AG84)^2);=SQRT((AQ83-AG83)^2+(AQ84-AG84)^2);=SQRT((AR83-AG83)^2+(AR84-AG84)^2);=SQRT((AS83-AG83)^2+(AS84-AG84)^2);=SQRT((AT83-AG83)^2+(AT84-AG84)^2);=SQRT((AU83-AG83)^2+(AU84-AG84)^2);=SQRT((AV83-AG83)^2+(AV84-AG84)^2);=SQRT((AW83-AG83)^2+(AW84-AG84)^2);=SQRT((AX83-AG83)^2+(AX84-AG84)^2);=SQRT((AY83-AG83)^2+(AY84-AG84)^2);=SQRT((AZ83-AG83)^2+(AZ84-AG84)^2);=SQRT((BA83-AG83)^2+(BA84-AG84)^2);=SQRT((BB83-AG83)^2+(BB84-AG84)^2);=SQRT((BC83-AG83)^2+(BC84-AG84)^2);=SQRT((BD83-AG83)^2+(BD84-AG84)^2);=SQRT((BE83-AG83)^2+(BE84-AG84)^2);=SQRT((BF83-AG83)^2+(BF84-AG84)^2);=SQRT((BG83-AG83)^2+(BG84-AG84)^2);=SQRT((BH83-AG83)^2+(BH84-AG84)^2);=SQRT((BI83-AG83)^2+(BI84-AG84)^2)
a9;0;0;0;0;0;0;0;0;0;0;0;0;0;0;0;0;0;0;0;0;0;0;0;0;0;0;0;0;0;0;0;0;=SQRT((AH83-AH83)^2+(AH84-AH84)^2);=SQRT((AI83-AH83)^2+(AI84-AH84)^2);=SQRT((AJ83-AH83)^2+(AJ84-AH84)^2);=SQRT((AK83-AH83)^2+(AK84-AH84)^2);=SQRT((AL83-AH83)^2+(AL84-AH84)^2);=SQRT((AM83-AH83)^2+(AM84-AH84)^2);=SQRT((AN83-AH83)^2+(AN84-AH84)^2);=SQRT((AO83-AH83)^2+(AO84-AH84)^2);=SQRT((AP83-AH83)^2+(AP84-AH84)^2);=SQRT((AQ83-AH83)^2+(AQ84-AH84)^2);=SQRT((AR83-AH83)^2+(AR84-AH84)^2);=SQRT((AS83-AH83)^2+(AS84-AH84)^2);=SQRT((AT83-AH83)^2+(AT84-AH84)^2);=SQRT((AU83-AH83)^2+(AU84-AH84)^2);=SQRT((AV83-AH83)^2+(AV84-AH84)^2);=SQRT((AW83-AH83)^2+(AW84-AH84)^2);=SQRT((AX83-AH83)^2+(AX84-AH84)^2);=SQRT((AY83-AH83)^2+(AY84-AH84)^2);=SQRT((AZ83-AH83)^2+(AZ84-AH84)^2);=SQRT((BA83-AH83)^2+(BA84-AH84)^2);=SQRT((BB83-AH83)^2+(BB84-AH84)^2);=SQRT((BC83-AH83)^2+(BC84-AH84)^2);=SQRT((BD83-AH83)^2+(BD84-AH84)^2);=SQRT((BE83-AH83)^2+(BE84-AH84)^2);=SQRT((BF83-AH83)^2+(BF84-AH84)^2);=SQRT((BG83-AH83)^2+(BG84-AH84)^2);=SQRT((BH83-AH83)^2+(BH84-AH84)^2);=SQRT((BI83-AH83)^2+(BI84-AH84)^2)
a10;0;0;0;0;0;0;0;0;0;0;0;0;0;0;0;0;0;0;0;0;0;0;0;0;0;0;0;0;0;0;0;0;0;=SQRT((AI83-AI83)^2+(AI84-AI84)^2);=SQRT((AJ83-AI83)^2+(AJ84-AI84)^2);=SQRT((AK83-AI83)^2+(AK84-AI84)^2);=SQRT((AL83-AI83)^2+(AL84-AI84)^2);=SQRT((AM83-AI83)^2+(AM84-AI84)^2);=SQRT((AN83-AI83)^2+(AN84-AI84)^2);=SQRT((AO83-AI83)^2+(AO84-AI84)^2);=SQRT((AP83-AI83)^2+(AP84-AI84)^2);=SQRT((AQ83-AI83)^2+(AQ84-AI84)^2);=SQRT((AR83-AI83)^2+(AR84-AI84)^2);=SQRT((AS83-AI83)^2+(AS84-AI84)^2);=SQRT((AT83-AI83)^2+(AT84-AI84)^2);=SQRT((AU83-AI83)^2+(AU84-AI84)^2);=SQRT((AV83-AI83)^2+(AV84-AI84)^2);=SQRT((AW83-AI83)^2+(AW84-AI84)^2);=SQRT((AX83-AI83)^2+(AX84-AI84)^2);=SQRT((AY83-AI83)^2+(AY84-AI84)^2);=SQRT((AZ83-AI83)^2+(AZ84-AI84)^2);=SQRT((BA83-AI83)^2+(BA84-AI84)^2);=SQRT((BB83-AI83)^2+(BB84-AI84)^2);=SQRT((BC83-AI83)^2+(BC84-AI84)^2);=SQRT((BD83-AI83)^2+(BD84-AI84)^2);=SQRT((BE83-AI83)^2+(BE84-AI84)^2);=SQRT((BF83-AI83)^2+(BF84-AI84)^2);=SQRT((BG83-AI83)^2+(BG84-AI84)^2);=SQRT((BH83-AI83)^2+(BH84-AI84)^2);=SQRT((BI83-AI83)^2+(BI84-AI84)^2)
a11;0;0;0;0;0;0;0;0;0;0;0;0;0;0;0;0;0;0;0;0;0;0;0;0;0;0;0;0;0;0;0;0;0;0;=SQRT((AJ83-AJ83)^2+(AJ84-AJ84)^2);=SQRT((AK83-AJ83)^2+(AK84-AJ84)^2);=SQRT((AL83-AJ83)^2+(AL84-AJ84)^2);=SQRT((AM83-AJ83)^2+(AM84-AJ84)^2);=SQRT((AN83-AJ83)^2+(AN84-AJ84)^2);=SQRT((AO83-AJ83)^2+(AO84-AJ84)^2);=SQRT((AP83-AJ83)^2+(AP84-AJ84)^2);=SQRT((AQ83-AJ83)^2+(AQ84-AJ84)^2);=SQRT((AR83-AJ83)^2+(AR84-AJ84)^2);=SQRT((AS83-AJ83)^2+(AS84-AJ84)^2);=SQRT((AT83-AJ83)^2+(AT84-AJ84)^2);=SQRT((AU83-AJ83)^2+(AU84-AJ84)^2);=SQRT((AV83-AJ83)^2+(AV84-AJ84)^2);=SQRT((AW83-AJ83)^2+(AW84-AJ84)^2);=SQRT((AX83-AJ83)^2+(AX84-AJ84)^2);=SQRT((AY83-AJ83)^2+(AY84-AJ84)^2);=SQRT((AZ83-AJ83)^2+(AZ84-AJ84)^2);=SQRT((BA83-AJ83)^2+(BA84-AJ84)^2);=SQRT((BB83-AJ83)^2+(BB84-AJ84)^2);=SQRT((BC83-AJ83)^2+(BC84-AJ84)^2);=SQRT((BD83-AJ83)^2+(BD84-AJ84)^2);=SQRT((BE83-AJ83)^2+(BE84-AJ84)^2);=SQRT((BF83-AJ83)^2+(BF84-AJ84)^2);=SQRT((BG83-AJ83)^2+(BG84-AJ84)^2);=SQRT((BH83-AJ83)^2+(BH84-AJ84)^2);=SQRT((BI83-AJ83)^2+(BI84-AJ84)^2)
a12;0;0;0;0;0;0;0;0;0;0;0;0;0;0;0;0;0;0;0;0;0;0;0;0;0;0;0;0;0;0;0;0;0;0;0;=SQRT((AK83-AK83)^2+(AK84-AK84)^2);=SQRT((AL83-AK83)^2+(AL84-AK84)^2);=SQRT((AM83-AK83)^2+(AM84-AK84)^2);=SQRT((AN83-AK83)^2+(AN84-AK84)^2);=SQRT((AO83-AK83)^2+(AO84-AK84)^2);=SQRT((AP83-AK83)^2+(AP84-AK84)^2);=SQRT((AQ83-AK83)^2+(AQ84-AK84)^2);=SQRT((AR83-AK83)^2+(AR84-AK84)^2);=SQRT((AS83-AK83)^2+(AS84-AK84)^2);=SQRT((AT83-AK83)^2+(AT84-AK84)^2);=SQRT((AU83-AK83)^2+(AU84-AK84)^2);=SQRT((AV83-AK83)^2+(AV84-AK84)^2);=SQRT((AW83-AK83)^2+(AW84-AK84)^2);=SQRT((AX83-AK83)^2+(AX84-AK84)^2);=SQRT((AY83-AK83)^2+(AY84-AK84)^2);=SQRT((AZ83-AK83)^2+(AZ84-AK84)^2);=SQRT((BA83-AK83)^2+(BA84-AK84)^2);=SQRT((BB83-AK83)^2+(BB84-AK84)^2);=SQRT((BC83-AK83)^2+(BC84-AK84)^2);=SQRT((BD83-AK83)^2+(BD84-AK84)^2);=SQRT((BE83-AK83)^2+(BE84-AK84)^2);=SQRT((BF83-AK83)^2+(BF84-AK84)^2);=SQRT((BG83-AK83)^2+(BG84-AK84)^2);=SQRT((BH83-AK83)^2+(BH84-AK84)^2);=SQRT((BI83-AK83)^2+(BI84-AK84)^2)
f1;0;0;0;0;0;0;0;0;0;0;0;0;0;0;0;0;0;0;0;0;0;0;0;0;0;0;0;0;0;0;0;0;0;0;0;0;=SQRT((AL83-AL83)^2+(AL84-AL84)^2);=SQRT((AM83-AL83)^2+(AM84-AL84)^2);=SQRT((AN83-AL83)^2+(AN84-AL84)^2);=SQRT((AO83-AL83)^2+(AO84-AL84)^2);=SQRT((AP83-AL83)^2+(AP84-AL84)^2);=SQRT((AQ83-AL83)^2+(AQ84-AL84)^2);=SQRT((AR83-AL83)^2+(AR84-AL84)^2);=SQRT((AS83-AL83)^2+(AS84-AL84)^2);=SQRT((AT83-AL83)^2+(AT84-AL84)^2);=SQRT((AU83-AL83)^2+(AU84-AL84)^2);=SQRT((AV83-AL83)^2+(AV84-AL84)^2);=SQRT((AW83-AL83)^2+(AW84-AL84)^2);=SQRT((AX83-AL83)^2+(AX84-AL84)^2);=SQRT((AY83-AL83)^2+(AY84-AL84)^2);=SQRT((AZ83-AL83)^2+(AZ84-AL84)^2);=SQRT((BA83-AL83)^2+(BA84-AL84)^2);=SQRT((BB83-AL83)^2+(BB84-AL84)^2);=SQRT((BC83-AL83)^2+(BC84-AL84)^2);=SQRT((BD83-AL83)^2+(BD84-AL84)^2);=SQRT((BE83-AL83)^2+(BE84-AL84)^2);=SQRT((BF83-AL83)^2+(BF84-AL84)^2);=SQRT((BG83-AL83)^2+(BG84-AL84)^2);=SQRT((BH83-AL83)^2+(BH84-AL84)^2);=SQRT((BI83-AL83)^2+(BI84-AL84)^2)
f2;0;0;0;0;0;0;0;0;0;0;0;0;0;0;0;0;0;0;0;0;0;0;0;0;0;0;0;0;0;0;0;0;0;0;0;0;0;=SQRT((AM83-AM83)^2+(AM84-AM84)^2);=SQRT((AN83-AM83)^2+(AN84-AM84)^2);=SQRT((AO83-AM83)^2+(AO84-AM84)^2);=SQRT((AP83-AM83)^2+(AP84-AM84)^2);=SQRT((AQ83-AM83)^2+(AQ84-AM84)^2);=SQRT((AR83-AM83)^2+(AR84-AM84)^2);=SQRT((AS83-AM83)^2+(AS84-AM84)^2);=SQRT((AT83-AM83)^2+(AT84-AM84)^2);=SQRT((AU83-AM83)^2+(AU84-AM84)^2);=SQRT((AV83-AM83)^2+(AV84-AM84)^2);=SQRT((AW83-AM83)^2+(AW84-AM84)^2);=SQRT((AX83-AM83)^2+(AX84-AM84)^2);=SQRT((AY83-AM83)^2+(AY84-AM84)^2);=SQRT((AZ83-AM83)^2+(AZ84-AM84)^2);=SQRT((BA83-AM83)^2+(BA84-AM84)^2);=SQRT((BB83-AM83)^2+(BB84-AM84)^2);=SQRT((BC83-AM83)^2+(BC84-AM84)^2);=SQRT((BD83-AM83)^2+(BD84-AM84)^2);=SQRT((BE83-AM83)^2+(BE84-AM84)^2);=SQRT((BF83-AM83)^2+(BF84-AM84)^2);=SQRT((BG83-AM83)^2+(BG84-AM84)^2);=SQRT((BH83-AM83)^2+(BH84-AM84)^2);=SQRT((BI83-AM83)^2+(BI84-AM84)^2)
f3;0;0;0;0;0;0;0;0;0;0;0;0;0;0;0;0;0;0;0;0;0;0;0;0;0;0;0;0;0;0;0;0;0;0;0;0;0;0;=SQRT((AN83-AN83)^2+(AN84-AN84)^2);=SQRT((AO83-AN83)^2+(AO84-AN84)^2);=SQRT((AP83-AN83)^2+(AP84-AN84)^2);=SQRT((AQ83-AN83)^2+(AQ84-AN84)^2);=SQRT((AR83-AN83)^2+(AR84-AN84)^2);=SQRT((AS83-AN83)^2+(AS84-AN84)^2);=SQRT((AT83-AN83)^2+(AT84-AN84)^2);=SQRT((AU83-AN83)^2+(AU84-AN84)^2);=SQRT((AV83-AN83)^2+(AV84-AN84)^2);=SQRT((AW83-AN83)^2+(AW84-AN84)^2);=SQRT((AX83-AN83)^2+(AX84-AN84)^2);=SQRT((AY83-AN83)^2+(AY84-AN84)^2);=SQRT((AZ83-AN83)^2+(AZ84-AN84)^2);=SQRT((BA83-AN83)^2+(BA84-AN84)^2);=SQRT((BB83-AN83)^2+(BB84-AN84)^2);=SQRT((BC83-AN83)^2+(BC84-AN84)^2);=SQRT((BD83-AN83)^2+(BD84-AN84)^2);=SQRT((BE83-AN83)^2+(BE84-AN84)^2);=SQRT((BF83-AN83)^2+(BF84-AN84)^2);=SQRT((BG83-AN83)^2+(BG84-AN84)^2);=SQRT((BH83-AN83)^2+(BH84-AN84)^2);=SQRT((BI83-AN83)^2+(BI84-AN84)^2)
f4;0;0;0;0;0;0;0;0;0;0;0;0;0;0;0;0;0;0;0;0;0;0;0;0;0;0;0;0;0;0;0;0;0;0;0;0;0;0;0;=SQRT((AO83-AO83)^2+(AO84-AO84)^2);=SQRT((AP83-AO83)^2+(AP84-AO84)^2);=SQRT((AQ83-AO83)^2+(AQ84-AO84)^2);=SQRT((AR83-AO83)^2+(AR84-AO84)^2);=SQRT((AS83-AO83)^2+(AS84-AO84)^2);=SQRT((AT83-AO83)^2+(AT84-AO84)^2);=SQRT((AU83-AO83)^2+(AU84-AO84)^2);=SQRT((AV83-AO83)^2+(AV84-AO84)^2);=SQRT((AW83-AO83)^2+(AW84-AO84)^2);=SQRT((AX83-AO83)^2+(AX84-AO84)^2);=SQRT((AY83-AO83)^2+(AY84-AO84)^2);=SQRT((AZ83-AO83)^2+(AZ84-AO84)^2);=SQRT((BA83-AO83)^2+(BA84-AO84)^2);=SQRT((BB83-AO83)^2+(BB84-AO84)^2);=SQRT((BC83-AO83)^2+(BC84-AO84)^2);=SQRT((BD83-AO83)^2+(BD84-AO84)^2);=SQRT((BE83-AO83)^2+(BE84-AO84)^2);=SQRT((BF83-AO83)^2+(BF84-AO84)^2);=SQRT((BG83-AO83)^2+(BG84-AO84)^2);=SQRT((BH83-AO83)^2+(BH84-AO84)^2);=SQRT((BI83-AO83)^2+(BI84-AO84)^2)
f5;0;0;0;0;0;0;0;0;0;0;0;0;0;0;0;0;0;0;0;0;0;0;0;0;0;0;0;0;0;0;0;0;0;0;0;0;0;0;0;0;=SQRT((AP83-AP83)^2+(AP84-AP84)^2);=SQRT((AQ83-AP83)^2+(AQ84-AP84)^2);=SQRT((AR83-AP83)^2+(AR84-AP84)^2);=SQRT((AS83-AP83)^2+(AS84-AP84)^2);=SQRT((AT83-AP83)^2+(AT84-AP84)^2);=SQRT((AU83-AP83)^2+(AU84-AP84)^2);=SQRT((AV83-AP83)^2+(AV84-AP84)^2);=SQRT((AW83-AP83)^2+(AW84-AP84)^2);=SQRT((AX83-AP83)^2+(AX84-AP84)^2);=SQRT((AY83-AP83)^2+(AY84-AP84)^2);=SQRT((AZ83-AP83)^2+(AZ84-AP84)^2);=SQRT((BA83-AP83)^2+(BA84-AP84)^2);=SQRT((BB83-AP83)^2+(BB84-AP84)^2);=SQRT((BC83-AP83)^2+(BC84-AP84)^2);=SQRT((BD83-AP83)^2+(BD84-AP84)^2);=SQRT((BE83-AP83)^2+(BE84-AP84)^2);=SQRT((BF83-AP83)^2+(BF84-AP84)^2);=SQRT((BG83-AP83)^2+(BG84-AP84)^2);=SQRT((BH83-AP83)^2+(BH84-AP84)^2);=SQRT((BI83-AP83)^2+(BI84-AP84)^2)
f6;0;0;0;0;0;0;0;0;0;0;0;0;0;0;0;0;0;0;0;0;0;0;0;0;0;0;0;0;0;0;0;0;0;0;0;0;0;0;0;0;0;=SQRT((AQ83-AQ83)^2+(AQ84-AQ84)^2);=SQRT((AR83-AQ83)^2+(AR84-AQ84)^2);=SQRT((AS83-AQ83)^2+(AS84-AQ84)^2);=SQRT((AT83-AQ83)^2+(AT84-AQ84)^2);=SQRT((AU83-AQ83)^2+(AU84-AQ84)^2);=SQRT((AV83-AQ83)^2+(AV84-AQ84)^2);=SQRT((AW83-AQ83)^2+(AW84-AQ84)^2);=SQRT((AX83-AQ83)^2+(AX84-AQ84)^2);=SQRT((AY83-AQ83)^2+(AY84-AQ84)^2);=SQRT((AZ83-AQ83)^2+(AZ84-AQ84)^2);=SQRT((BA83-AQ83)^2+(BA84-AQ84)^2);=SQRT((BB83-AQ83)^2+(BB84-AQ84)^2);=SQRT((BC83-AQ83)^2+(BC84-AQ84)^2);=SQRT((BD83-AQ83)^2+(BD84-AQ84)^2);=SQRT((BE83-AQ83)^2+(BE84-AQ84)^2);=SQRT((BF83-AQ83)^2+(BF84-AQ84)^2);=SQRT((BG83-AQ83)^2+(BG84-AQ84)^2);=SQRT((BH83-AQ83)^2+(BH84-AQ84)^2);=SQRT((BI83-AQ83)^2+(BI84-AQ84)^2)
f7;0;0;0;0;0;0;0;0;0;0;0;0;0;0;0;0;0;0;0;0;0;0;0;0;0;0;0;0;0;0;0;0;0;0;0;0;0;0;0;0;0;0;=SQRT((AR83-AR83)^2+(AR84-AR84)^2);=SQRT((AS83-AR83)^2+(AS84-AR84)^2);=SQRT((AT83-AR83)^2+(AT84-AR84)^2);=SQRT((AU83-AR83)^2+(AU84-AR84)^2);=SQRT((AV83-AR83)^2+(AV84-AR84)^2);=SQRT((AW83-AR83)^2+(AW84-AR84)^2);=SQRT((AX83-AR83)^2+(AX84-AR84)^2);=SQRT((AY83-AR83)^2+(AY84-AR84)^2);=SQRT((AZ83-AR83)^2+(AZ84-AR84)^2);=SQRT((BA83-AR83)^2+(BA84-AR84)^2);=SQRT((BB83-AR83)^2+(BB84-AR84)^2);=SQRT((BC83-AR83)^2+(BC84-AR84)^2);=SQRT((BD83-AR83)^2+(BD84-AR84)^2);=SQRT((BE83-AR83)^2+(BE84-AR84)^2);=SQRT((BF83-AR83)^2+(BF84-AR84)^2);=SQRT((BG83-AR83)^2+(BG84-AR84)^2);=SQRT((BH83-AR83)^2+(BH84-AR84)^2);=SQRT((BI83-AR83)^2+(BI84-AR84)^2)
f8;0;0;0;0;0;0;0;0;0;0;0;0;0;0;0;0;0;0;0;0;0;0;0;0;0;0;0;0;0;0;0;0;0;0;0;0;0;0;0;0;0;0;0;=SQRT((AS83-AS83)^2+(AS84-AS84)^2);=SQRT((AT83-AS83)^2+(AT84-AS84)^2);=SQRT((AU83-AS83)^2+(AU84-AS84)^2);=SQRT((AV83-AS83)^2+(AV84-AS84)^2);=SQRT((AW83-AS83)^2+(AW84-AS84)^2);=SQRT((AX83-AS83)^2+(AX84-AS84)^2);=SQRT((AY83-AS83)^2+(AY84-AS84)^2);=SQRT((AZ83-AS83)^2+(AZ84-AS84)^2);=SQRT((BA83-AS83)^2+(BA84-AS84)^2);=SQRT((BB83-AS83)^2+(BB84-AS84)^2);=SQRT((BC83-AS83)^2+(BC84-AS84)^2);=SQRT((BD83-AS83)^2+(BD84-AS84)^2);=SQRT((BE83-AS83)^2+(BE84-AS84)^2);=SQRT((BF83-AS83)^2+(BF84-AS84)^2);=SQRT((BG83-AS83)^2+(BG84-AS84)^2);=SQRT((BH83-AS83)^2+(BH84-AS84)^2);=SQRT((BI83-AS83)^2+(BI84-AS84)^2)
f9;0;0;0;0;0;0;0;0;0;0;0;0;0;0;0;0;0;0;0;0;0;0;0;0;0;0;0;0;0;0;0;0;0;0;0;0;0;0;0;0;0;0;0;0;=SQRT((AT83-AT83)^2+(AT84-AT84)^2);=SQRT((AU83-AT83)^2+(AU84-AT84)^2);=SQRT((AV83-AT83)^2+(AV84-AT84)^2);=SQRT((AW83-AT83)^2+(AW84-AT84)^2);=SQRT((AX83-AT83)^2+(AX84-AT84)^2);=SQRT((AY83-AT83)^2+(AY84-AT84)^2);=SQRT((AZ83-AT83)^2+(AZ84-AT84)^2);=SQRT((BA83-AT83)^2+(BA84-AT84)^2);=SQRT((BB83-AT83)^2+(BB84-AT84)^2);=SQRT((BC83-AT83)^2+(BC84-AT84)^2);=SQRT((BD83-AT83)^2+(BD84-AT84)^2);=SQRT((BE83-AT83)^2+(BE84-AT84)^2);=SQRT((BF83-AT83)^2+(BF84-AT84)^2);=SQRT((BG83-AT83)^2+(BG84-AT84)^2);=SQRT((BH83-AT83)^2+(BH84-AT84)^2);=SQRT((BI83-AT83)^2+(BI84-AT84)^2)
f10;0;0;0;0;0;0;0;0;0;0;0;0;0;0;0;0;0;0;0;0;0;0;0;0;0;0;0;0;0;0;0;0;0;0;0;0;0;0;0;0;0;0;0;0;0;=SQRT((AU83-AU83)^2+(AU84-AU84)^2);=SQRT((AV83-AU83)^2+(AV84-AU84)^2);=SQRT((AW83-AU83)^2+(AW84-AU84)^2);=SQRT((AX83-AU83)^2+(AX84-AU84)^2);=SQRT((AY83-AU83)^2+(AY84-AU84)^2);=SQRT((AZ83-AU83)^2+(AZ84-AU84)^2);=SQRT((BA83-AU83)^2+(BA84-AU84)^2);=SQRT((BB83-AU83)^2+(BB84-AU84)^2);=SQRT((BC83-AU83)^2+(BC84-AU84)^2);=SQRT((BD83-AU83)^2+(BD84-AU84)^2);=SQRT((BE83-AU83)^2+(BE84-AU84)^2);=SQRT((BF83-AU83)^2+(BF84-AU84)^2);=SQRT((BG83-AU83)^2+(BG84-AU84)^2);=SQRT((BH83-AU83)^2+(BH84-AU84)^2);=SQRT((BI83-AU83)^2+(BI84-AU84)^2)
f11;0;0;0;0;0;0;0;0;0;0;0;0;0;0;0;0;0;0;0;0;0;0;0;0;0;0;0;0;0;0;0;0;0;0;0;0;0;0;0;0;0;0;0;0;0;0;=SQRT((AV83-AV83)^2+(AV84-AV84)^2);=SQRT((AW83-AV83)^2+(AW84-AV84)^2);=SQRT((AX83-AV83)^2+(AX84-AV84)^2);=SQRT((AY83-AV83)^2+(AY84-AV84)^2);=SQRT((AZ83-AV83)^2+(AZ84-AV84)^2);=SQRT((BA83-AV83)^2+(BA84-AV84)^2);=SQRT((BB83-AV83)^2+(BB84-AV84)^2);=SQRT((BC83-AV83)^2+(BC84-AV84)^2);=SQRT((BD83-AV83)^2+(BD84-AV84)^2);=SQRT((BE83-AV83)^2+(BE84-AV84)^2);=SQRT((BF83-AV83)^2+(BF84-AV84)^2);=SQRT((BG83-AV83)^2+(BG84-AV84)^2);=SQRT((BH83-AV83)^2+(BH84-AV84)^2);=SQRT((BI83-AV83)^2+(BI84-AV84)^2)
f12;0;0;0;0;0;0;0;0;0;0;0;0;0;0;0;0;0;0;0;0;0;0;0;0;0;0;0;0;0;0;0;0;0;0;0;0;0;0;0;0;0;0;0;0;0;0;0;=SQRT((AW83-AW83)^2+(AW84-AW84)^2);=SQRT((AX83-AW83)^2+(AX84-AW84)^2);=SQRT((AY83-AW83)^2+(AY84-AW84)^2);=SQRT((AZ83-AW83)^2+(AZ84-AW84)^2);=SQRT((BA83-AW83)^2+(BA84-AW84)^2);=SQRT((BB83-AW83)^2+(BB84-AW84)^2);=SQRT((BC83-AW83)^2+(BC84-AW84)^2);=SQRT((BD83-AW83)^2+(BD84-AW84)^2);=SQRT((BE83-AW83)^2+(BE84-AW84)^2);=SQRT((BF83-AW83)^2+(BF84-AW84)^2);=SQRT((BG83-AW83)^2+(BG84-AW84)^2);=SQRT((BH83-AW83)^2+(BH84-AW84)^2);=SQRT((BI83-AW83)^2+(BI84-AW84)^2)
n1;0;0;0;0;0;0;0;0;0;0;0;0;0;0;0;0;0;0;0;0;0;0;0;0;0;0;0;0;0;0;0;0;0;0;0;0;0;0;0;0;0;0;0;0;0;0;0;0;=SQRT((AX83-AX83)^2+(AX84-AX84)^2);=SQRT((AY83-AX83)^2+(AY84-AX84)^2);=SQRT((AZ83-AX83)^2+(AZ84-AX84)^2);=SQRT((BA83-AX83)^2+(BA84-AX84)^2);=SQRT((BB83-AX83)^2+(BB84-AX84)^2);=SQRT((BC83-AX83)^2+(BC84-AX84)^2);=SQRT((BD83-AX83)^2+(BD84-AX84)^2);=SQRT((BE83-AX83)^2+(BE84-AX84)^2);=SQRT((BF83-AX83)^2+(BF84-AX84)^2);=SQRT((BG83-AX83)^2+(BG84-AX84)^2);=SQRT((BH83-AX83)^2+(BH84-AX84)^2);=SQRT((BI83-AX83)^2+(BI84-AX84)^2)
n2;0;0;0;0;0;0;0;0;0;0;0;0;0;0;0;0;0;0;0;0;0;0;0;0;0;0;0;0;0;0;0;0;0;0;0;0;0;0;0;0;0;0;0;0;0;0;0;0;0;=SQRT((AY83-AY83)^2+(AY84-AY84)^2);=SQRT((AZ83-AY83)^2+(AZ84-AY84)^2);=SQRT((BA83-AY83)^2+(BA84-AY84)^2);=SQRT((BB83-AY83)^2+(BB84-AY84)^2);=SQRT((BC83-AY83)^2+(BC84-AY84)^2);=SQRT((BD83-AY83)^2+(BD84-AY84)^2);=SQRT((BE83-AY83)^2+(BE84-AY84)^2);=SQRT((BF83-AY83)^2+(BF84-AY84)^2);=SQRT((BG83-AY83)^2+(BG84-AY84)^2);=SQRT((BH83-AY83)^2+(BH84-AY84)^2);=SQRT((BI83-AY83)^2+(BI84-AY84)^2)
n3;0;0;0;0;0;0;0;0;0;0;0;0;0;0;0;0;0;0;0;0;0;0;0;0;0;0;0;0;0;0;0;0;0;0;0;0;0;0;0;0;0;0;0;0;0;0;0;0;0;0;=SQRT((AZ83-AZ83)^2+(AZ84-AZ84)^2);=SQRT((BA83-AZ83)^2+(BA84-AZ84)^2);=SQRT((BB83-AZ83)^2+(BB84-AZ84)^2);=SQRT((BC83-AZ83)^2+(BC84-AZ84)^2);=SQRT((BD83-AZ83)^2+(BD84-AZ84)^2);=SQRT((BE83-AZ83)^2+(BE84-AZ84)^2);=SQRT((BF83-AZ83)^2+(BF84-AZ84)^2);=SQRT((BG83-AZ83)^2+(BG84-AZ84)^2);=SQRT((BH83-AZ83)^2+(BH84-AZ84)^2);=SQRT((BI83-AZ83)^2+(BI84-AZ84)^2)
n4;0;0;0;0;0;0;0;0;0;0;0;0;0;0;0;0;0;0;0;0;0;0;0;0;0;0;0;0;0;0;0;0;0;0;0;0;0;0;0;0;0;0;0;0;0;0;0;0;0;0;0;=SQRT((BA83-BA83)^2+(BA84-BA84)^2);=SQRT((BB83-BA83)^2+(BB84-BA84)^2);=SQRT((BC83-BA83)^2+(BC84-BA84)^2);=SQRT((BD83-BA83)^2+(BD84-BA84)^2);=SQRT((BE83-BA83)^2+(BE84-BA84)^2);=SQRT((BF83-BA83)^2+(BF84-BA84)^2);=SQRT((BG83-BA83)^2+(BG84-BA84)^2);=SQRT((BH83-BA83)^2+(BH84-BA84)^2);=SQRT((BI83-BA83)^2+(BI84-BA84)^2)
n5;0;0;0;0;0;0;0;0;0;0;0;0;0;0;0;0;0;0;0;0;0;0;0;0;0;0;0;0;0;0;0;0;0;0;0;0;0;0;0;0;0;0;0;0;0;0;0;0;0;0;0;0;=SQRT((BB83-BB83)^2+(BB84-BB84)^2);=SQRT((BC83-BB83)^2+(BC84-BB84)^2);=SQRT((BD83-BB83)^2+(BD84-BB84)^2);=SQRT((BE83-BB83)^2+(BE84-BB84)^2);=SQRT((BF83-BB83)^2+(BF84-BB84)^2);=SQRT((BG83-BB83)^2+(BG84-BB84)^2);=SQRT((BH83-BB83)^2+(BH84-BB84)^2);=SQRT((BI83-BB83)^2+(BI84-BB84)^2)
n6;0;0;0;0;0;0;0;0;0;0;0;0;0;0;0;0;0;0;0;0;0;0;0;0;0;0;0;0;0;0;0;0;0;0;0;0;0;0;0;0;0;0;0;0;0;0;0;0;0;0;0;0;0;=SQRT((BC83-BC83)^2+(BC84-BC84)^2);=SQRT((BD83-BC83)^2+(BD84-BC84)^2);=SQRT((BE83-BC83)^2+(BE84-BC84)^2);=SQRT((BF83-BC83)^2+(BF84-BC84)^2);=SQRT((BG83-BC83)^2+(BG84-BC84)^2);=SQRT((BH83-BC83)^2+(BH84-BC84)^2);=SQRT((BI83-BC83)^2+(BI84-BC84)^2)
n7;0;0;0;0;0;0;0;0;0;0;0;0;0;0;0;0;0;0;0;0;0;0;0;0;0;0;0;0;0;0;0;0;0;0;0;0;0;0;0;0;0;0;0;0;0;0;0;0;0;0;0;0;0;0;=SQRT((BD83-BD83)^2+(BD84-BD84)^2);=SQRT((BE83-BD83)^2+(BE84-BD84)^2);=SQRT((BF83-BD83)^2+(BF84-BD84)^2);=SQRT((BG83-BD83)^2+(BG84-BD84)^2);=SQRT((BH83-BD83)^2+(BH84-BD84)^2);=SQRT((BI83-BD83)^2+(BI84-BD84)^2)
n8;0;0;0;0;0;0;0;0;0;0;0;0;0;0;0;0;0;0;0;0;0;0;0;0;0;0;0;0;0;0;0;0;0;0;0;0;0;0;0;0;0;0;0;0;0;0;0;0;0;0;0;0;0;0;0;=SQRT((BE83-BE83)^2+(BE84-BE84)^2);=SQRT((BF83-BE83)^2+(BF84-BE84)^2);=SQRT((BG83-BE83)^2+(BG84-BE84)^2);=SQRT((BH83-BE83)^2+(BH84-BE84)^2);=SQRT((BI83-BE83)^2+(BI84-BE84)^2)
n9;0;0;0;0;0;0;0;0;0;0;0;0;0;0;0;0;0;0;0;0;0;0;0;0;0;0;0;0;0;0;0;0;0;0;0;0;0;0;0;0;0;0;0;0;0;0;0;0;0;0;0;0;0;0;0;0;=SQRT((BF83-BF83)^2+(BF84-BF84)^2);=SQRT((BG83-BF83)^2+(BG84-BF84)^2);=SQRT((BH83-BF83)^2+(BH84-BF84)^2);=SQRT((BI83-BF83)^2+(BI84-BF84)^2)
n10;0;0;0;0;0;0;0;0;0;0;0;0;0;0;0;0;0;0;0;0;0;0;0;0;0;0;0;0;0;0;0;0;0;0;0;0;0;0;0;0;0;0;0;0;0;0;0;0;0;0;0;0;0;0;0;0;0;=SQRT((BG83-BG83)^2+(BG84-BG84)^2);=SQRT((BH83-BG83)^2+(BH84-BG84)^2);=SQRT((BI83-BG83)^2+(BI84-BG84)^2)
n11;0;0;0;0;0;0;0;0;0;0;0;0;0;0;0;0;0;0;0;0;0;0;0;0;0;0;0;0;0;0;0;0;0;0;0;0;0;0;0;0;0;0;0;0;0;0;0;0;0;0;0;0;0;0;0;0;0;0;=SQRT((BH83-BH83)^2+(BH84-BH84)^2);=SQRT((BI83-BH83)^2+(BI84-BH84)^2)
n12;0;0;0;0;0;0;0;0;0;0;0;0;0;0;0;0;0;0;0;0;0;0;0;0;0;0;0;0;0;0;0;0;0;0;0;0;0;0;0;0;0;0;0;0;0;0;0;0;0;0;0;0;0;0;0;0;0;0;0;=SQRT((BI83-BI83)^2+(BI84-BI84)^2)
